0,0,move_right,-4.0677147,160,0.08416891,40,0.0,1.0,0,0
1,0,move_right,8.330012,201,1.6170893,40,0.0,0.9999990000003749,35,4
1,100,move_right_speed,3.4562936,206,0.8944273,594,534.0,0.9999740003347434,135,104
1,200,move_right,2.1645782,206,0.12978554,594,514.0,0.9999490012940959,235,204
1,300,move_right,10.008217,143,0.6927948,669,569.0,0.9999240028784168,335,304
1,400,move_right_speed,1.5998865,78,0.4539554,722,602.0,0.9998990050876901,435,404
1,500,move_right,2.7811086,78,0.2666006,722,582.0,0.9998740079219004,535,504
1,600,noop,2.8659163,78,0.3765459,722,562.0,0.9998490113810321,635,604
1,700,move_right_speed,2.7796419,78,0.31029487,722,542.0,0.9998240154650698,735,704
1,800,move_right_speed,2.8585184,78,0.17096639,722,522.0,0.9997990201739976,835,804
1,900,move_right_speed,2.7428007,78,0.01566124,722,502.0,0.9997740255078001,935,904
1,1000,move_right,2.5421062,78,0.19377851,722,482.0,0.9997490314664614,1035,1004
1,1100,move_right_jump,2.6253207,78,0.06620073,722,462.0,0.9997240380499665,1135,1104
1,1200,move_right,2.7082121,78,0.10722685,722,442.0,0.9996990452582987,1235,1204
1,1300,move_right_speed,2.3482957,78,0.14448953,722,422.0,0.9996740530914433,1335,1304
1,1400,move_right,2.5744374,78,0.05844021,722,402.0,0.9996490615493842,1435,1404
1,1500,move_right,2.4274046,78,0.27740765,722,382.0,0.9996240706321058,1535,1504
1,1600,move_right,2.3312306,78,0.056014776,722,362.0,0.9995990803395925,1635,1604
1,1700,noop,2.41217,78,0.15323067,722,342.0,0.9995740906718289,1735,1704
1,1800,noop,2.6396642,78,0.076805115,722,322.0,0.9995491016287994,1835,1804
1,1900,move_right_jump_speed,2.582631,78,0.15567136,722,302.0,0.9995241132104883,1935,1904
1,2000,move_right,2.1595175,78,0.10057783,722,282.0,0.99949912541688,2035,2004
2,0,move_right_jump,6.0098085,78,0.47673225,40,0.0,0.9994978760435977,2040,2009
2,100,move_right_jump_speed,2.308768,206,0.3058672,594,534.0,0.9994728889059106,2140,2109
2,200,move_right,2.338368,206,0.017730713,594,514.0,0.9994479023928938,2240,2209
2,300,move_right_speed,3.1853037,206,0.065868855,594,494.0,0.999422916504532,2340,2309
3,0,move_right_speed,6.7577314,119,0.2055459,40,0.0,0.9994066760120608,2405,2374
4,0,move_right_speed,5.7205973,91,0.8371773,40,0.0,0.9993816911543459,2505,2474
4,100,move_right_speed,1.9491614,78,0.15647149,722,662.0,0.9993567069212449,2605,2574
5,0,move_right_jump_speed,5.2388597,78,0.049572945,40,0.0,0.9993462137295984,2647,2616
5,100,move_right_speed,4.979843,206,0.0347147,594,534.0,0.9993212303834218,2747,2716
5,200,move_right_speed,2.08487,206,1.890512,594,514.0,0.9992962476618212,2847,2816
5,300,move_right_speed,4.4999876,78,0.17119503,722,622.0,0.9992712655647809,2947,2916
5,400,move_right_speed,2.5879314,78,0.20506334,722,602.0,0.9992462840922853,3047,3016
5,500,move_right_jump,1.981522,78,0.111628294,722,582.0,0.9992213032443188,3147,3116
5,600,noop,2.385725,78,0.061638832,722,562.0,0.9991963230208661,3247,3216
5,700,move_right,2.3322399,78,0.028976679,722,542.0,0.9991713434219112,3347,3316
5,800,move_right_jump,2.8940752,78,0.013954639,722,522.0,0.9991463644474382,3447,3416
5,900,move_right,2.4886065,78,0.32424164,722,502.0,0.999121386097432,3547,3516
5,1000,move_right_speed,2.6853876,78,0.14600158,722,482.0,0.9990964083718766,3647,3616
5,1100,move_right_speed,2.5655558,366,1.3419361,843,583.0,0.9990714312707567,3747,3716
5,1200,move_right_jump_speed,2.687312,302,0.32176924,898,618.0,0.9990464547940567,3847,3816
5,1300,move_right_speed,1.8501849,302,0.33452725,898,598.0,0.999021478941761,3947,3916
5,1400,move_right,1.9008505,302,0.1709745,898,578.0,0.9989965037138537,4047,4016
5,1500,move_right_speed,1.7486308,302,0.03289473,898,558.0,0.9989715291103193,4147,4116
5,1600,move_right,2.312471,302,0.09493041,898,538.0,0.9989465551311424,4247,4216
5,1700,move_right_jump_speed,2.036595,302,0.12338424,898,518.0,0.9989215817763072,4347,4316
5,1800,move_right_speed,1.8639288,302,0.08508468,898,498.0,0.9988966090457986,4447,4416
5,1900,move_right,2.2776482,302,0.005763054,898,478.0,0.9988716369395999,4547,4516
5,2000,move_right,1.7996639,302,0.030031443,898,458.0,0.9988466654576963,4647,4616
6,0,move_right,1.1913834,302,0.7471912,40,0.0,0.9988454168999886,4652,4621
6,100,move_right_jump,9.785186,164,2.175231,643,583.0,0.9988204460735779,4752,4721
7,0,move_right,4.875965,136,0.58481693,40,0.0,0.9988194472535062,4756,4725
7,100,noop,3.746739,206,0.22747636,594,534.0,0.9987944770763285,4856,4825
7,200,move_right_jump_speed,2.514026,78,0.035136223,722,642.0,0.9987695075233975,4956,4925
7,300,move_right_speed,1.9504737,78,0.017234087,722,622.0,0.9987445385946979,5056,5025
7,400,move_right_jump_speed,2.4137309,78,0.07168794,722,602.0,0.9987195702902136,5156,5125
7,500,move_right,2.0175636,78,0.1323986,722,582.0,0.9986946026099293,5256,5225
7,600,move_right,2.4670894,78,0.017926931,722,562.0,0.9986696355538293,5356,5325
7,700,move_right,2.3063905,78,0.14629674,722,542.0,0.9986446691218979,5456,5425
7,800,move_right_jump_speed,2.2424662,78,0.021595001,722,522.0,0.9986197033141195,5556,5525
7,900,move_right,2.6396985,78,0.19559026,722,502.0,0.9985947381304785,5656,5625
7,1000,move_right,2.0064554,78,0.07931471,722,482.0,0.9985697735709594,5756,5725
7,1100,move_right_jump,2.1983073,78,0.14737868,722,462.0,0.9985448096355465,5856,5825
7,1200,move_right_speed,2.2897632,78,0.025445223,722,442.0,0.9985198463242244,5956,5925
7,1300,move_right_speed,2.346076,78,0.03168869,722,422.0,0.9984948836369775,6056,6025
7,1400,move_right_speed,2.546053,78,0.012249947,722,402.0,0.9984699215737899,6156,6125
7,1500,noop,2.4398,78,0.119138956,722,382.0,0.9984449601346459,6256,6225
7,1600,move_right_speed,2.4045432,78,0.02186799,722,362.0,0.9984199993195306,6356,6325
7,1700,move_right,2.3263292,78,0.3057332,722,342.0,0.9983950391284275,6456,6425
0,0,move_right,0.7457951,160,1.365125,40,0.0,1.0,0,0
1,0,move_right,0.10370706,203,0.9362588,40,0.0,0.9999987500006249,36,5
1,100,move_right,6.5446253,206,0.5878029,595,535.0,0.9999737503412433,136,105
1,200,move_right,7.4588327,78,0.6519947,722,642.0,0.9999487513068456,236,205
2,0,noop,4.505436,78,0.46932173,40,0.0,0.9999455014782781,249,218
3,0,move_right_jump_speed,4.798094,197,0.12175369,40,0.0,0.9999360020399478,287,256
3,100,move_right,1.2636619,205,0.31753302,597,537.0,0.9999110039492458,387,356
3,200,move_right,0.95576787,78,1.746547,722,642.0,0.9998860064834882,487,456
3,300,move_right,0.61923283,78,0.33266044,722,622.0,0.9998610096426597,587,556
3,400,move_right_speed,0.20304091,78,0.19755036,722,602.0,0.9998360134267444,687,656
3,500,move_right,1.0224483,78,0.21600825,722,582.0,0.9998110178357269,787,756
3,600,move_right_speed,0.635998,78,0.4327476,722,562.0,0.9997860228695917,887,856
0,0,move_right,-2.672202,160,0.02902627,40,0.0,1.0,0,0
0,100,move_right,2.6983316,206,2.9521968,594,534.0,0.9999827501466217,100,69
0,200,move_right_jump_speed,2.3129063,78,0.99194646,722,642.0,0.9999577508872317,200,169
0,300,move_right,1.61895,78,0.19690466,722,622.0,0.9999327522528155,300,269
0,400,move_right_jump_speed,1.8728373,78,0.16682029,722,602.0,0.999907754243357,400,369
0,500,move_right,1.7026973,78,0.23746872,722,582.0,0.9998827568588411,500,469
0,600,noop,2.1421466,78,0.13310885,722,562.0,0.9998577600992521,600,569
0,700,move_right_speed,1.649559,78,0.2701447,722,542.0,0.9998327639645747,700,669
0,800,move_right_speed,1.9716928,78,0.08107972,722,522.0,0.9998077684547926,800,769
0,900,move_right_speed,1.4619039,78,0.04749036,722,502.0,0.9997827735698909,900,869
0,1000,move_right_speed,1.9394116,78,0.01397717,722,482.0,0.9997577793098532,1000,969
0,1100,move_right,1.6735023,78,0.19337034,722,462.0,0.9997327856746647,1100,1069
0,1200,move_right_speed,1.5498422,78,0.2215941,722,442.0,0.9997077926643093,1200,1169
0,1300,move_right_speed,1.9025445,78,0.00043666363,722,422.0,0.9996828002787713,1300,1269
0,1400,move_right_jump,1.825265,78,0.09003341,722,402.0,0.9996578085180351,1400,1369
0,1500,move_right_speed,1.9055791,78,0.2125566,722,382.0,0.9996328173820854,1500,1469
0,1600,move_right_jump,1.7559223,78,0.0701915,722,362.0,0.9996078268709062,1600,1569
0,1700,move_right_speed,2.1429272,78,0.038599968,722,342.0,0.9995828369844819,1700,1669
0,1800,move_right,1.8653066,78,0.06411898,722,322.0,0.9995578477227972,1800,1769
0,1900,move_right_speed,1.9690373,78,0.004951954,722,302.0,0.9995328590858364,1900,1869
0,2000,move_right,1.7878544,78,0.1321311,722,282.0,0.9995078710735837,2000,1969
1,0,move_right,3.85932,78,3.997157,40,0.0,0.9995066216893694,2005,1974
0,0,move_right_speed,1.8883634,160,0.8165144,40,0.0,1.0,0,0
1,0,move_right_speed,1.8883634,160,0.8165144,40,0.0,1.0,1,0
2,0,noop,1.071849,160,0.8165144,40,0.0,1.0,1,0
3,0,move_right,-0.0038684644,160,0.8165144,40,0.0,1.0,1,0
4,0,move_right_speed,1.8883634,160,0.8165144,40,0.0,1.0,1,0
5,0,move_right_jump_speed,-0.15282246,160,0.8165144,40,0.0,1.0,1,0
6,0,move_right,-0.0038684644,160,0.8165144,40,0.0,1.0,1,0
7,0,move_right_speed,1.8883634,160,0.8165144,40,0.0,1.0,1,0
8,0,move_right_speed,1.8883634,160,0.8165144,40,0.0,1.0,1,0
9,0,move_right_speed,1.8883634,160,0.8165144,40,0.0,1.0,1,0
10,0,move_right_speed,1.8883634,160,0.8165144,40,0.0,1.0,1,0
11,0,move_right,-0.0038684644,160,0.8165144,40,0.0,1.0,1,0
12,0,move_right_speed,1.8883634,160,0.8165144,40,0.0,1.0,1,0
13,0,move_right_speed,1.8883634,160,0.8165144,40,0.0,1.0,1,0
14,0,move_right_jump,0.7643953,160,0.8165144,40,0.0,1.0,1,0
15,0,move_right,-0.0038684644,160,0.8165144,40,0.0,1.0,1,0
16,0,move_right,-0.0038684644,160,0.8165144,40,0.0,1.0,1,0
17,0,move_right,-0.0038684644,160,0.8165144,40,0.0,1.0,1,0
18,0,move_right,-0.0038684644,160,0.8165144,40,0.0,1.0,1,0
19,0,move_right_jump,0.7643953,160,0.8165144,40,0.0,1.0,1,0
20,0,move_right_jump,0.7643953,160,0.8165144,40,0.0,1.0,1,0
21,0,move_right_speed,1.8883634,160,0.8165144,40,0.0,1.0,1,0
22,0,move_right,-0.0038684644,160,0.8165144,40,0.0,1.0,1,0
23,0,move_right_jump_speed,-0.15282246,160,0.8165144,40,0.0,1.0,1,0
24,0,move_right_speed,1.8883634,160,0.8165144,40,0.0,1.0,1,0
25,0,move_right,-0.0038684644,160,0.8165144,40,0.0,1.0,1,0
26,0,move_right_speed,1.8883634,160,0.8165144,40,0.0,1.0,1,0
27,0,move_right,-0.0038684644,160,0.8165144,40,0.0,1.0,1,0
28,0,move_right,-0.0038684644,160,0.8165144,40,0.0,1.0,1,0
29,0,move_right_speed,1.8883634,160,0.8165144,40,0.0,1.0,1,0
30,0,move_right,-0.0038684644,160,0.8165144,40,0.0,1.0,1,0
31,0,move_right_jump_speed,-0.15282246,160,0.8165144,40,0.0,1.0,1,0
32,0,move_right_jump,0.7643953,160,0.8165144,40,0.0,1.0,1,0
33,0,move_right_jump_speed,-0.15282246,160,0.8165144,40,0.0,1.0,1,0
34,0,move_right_speed,1.8883634,160,0.8165144,40,0.0,1.0,1,0
35,0,noop,1.071849,160,0.8165144,40,0.0,1.0,1,0
36,0,move_right_speed,1.8883634,160,0.8165144,40,0.0,1.0,1,0
37,0,move_right,-0.0038684644,160,0.8165144,40,0.0,1.0,1,0
38,0,move_right_jump,0.7643953,160,0.8165144,40,0.0,1.0,1,0
39,0,move_right,-0.0038684644,160,0.8165144,40,0.0,1.0,1,0
40,0,move_right,-0.0038684644,160,0.8165144,40,0.0,1.0,1,0
41,0,move_right_jump,0.7643953,160,0.8165144,40,0.0,1.0,1,0
42,0,move_right_jump,0.7643953,160,0.8165144,40,0.0,1.0,1,0
43,0,move_right_speed,1.8883634,160,0.8165144,40,0.0,1.0,1,0
44,0,move_right,-0.0038684644,160,0.8165144,40,0.0,1.0,1,0
45,0,move_right_jump,0.7643953,160,0.8165144,40,0.0,1.0,1,0
46,0,move_right,-0.0038684644,160,0.8165144,40,0.0,1.0,1,0
47,0,move_right,-0.0038684644,160,0.8165144,40,0.0,1.0,1,0
48,0,move_right_jump,0.7643953,160,0.8165144,40,0.0,1.0,1,0
49,0,move_right_speed,1.8883634,160,0.8165144,40,0.0,1.0,1,0
50,0,move_right_jump_speed,-0.15282246,160,0.8165144,40,0.0,1.0,1,0
51,0,move_right_jump_speed,-0.15282246,160,0.8165144,40,0.0,1.0,1,0
52,0,move_right,-0.0038684644,160,0.8165144,40,0.0,1.0,1,0
53,0,move_right,-0.0038684644,160,0.8165144,40,0.0,1.0,1,0
54,0,move_right_jump_speed,-0.15282246,160,0.8165144,40,0.0,1.0,1,0
55,0,move_right_jump_speed,-0.15282246,160,0.8165144,40,0.0,1.0,1,0
56,0,move_right_speed,1.8883634,160,0.8165144,40,0.0,1.0,1,0
57,0,move_right,-0.0038684644,160,0.8165144,40,0.0,1.0,1,0
58,0,move_right,-0.0038684644,160,0.8165144,40,0.0,1.0,1,0
59,0,move_right_speed,1.8883634,160,0.8165144,40,0.0,1.0,1,0
60,0,move_right_speed,1.8883634,160,0.8165144,40,0.0,1.0,1,0
61,0,move_right_speed,1.8883634,160,0.8165144,40,0.0,1.0,1,0
62,0,move_right,-0.0038684644,160,0.8165144,40,0.0,1.0,1,0
63,0,move_right_jump_speed,-0.15282246,160,0.8165144,40,0.0,1.0,1,0
64,0,noop,1.071849,160,0.8165144,40,0.0,1.0,1,0
65,0,move_right,-0.0038684644,160,0.8165144,40,0.0,1.0,1,0
66,0,move_right,-0.0038684644,160,0.8165144,40,0.0,1.0,1,0
67,0,move_right,-0.0038684644,160,0.8165144,40,0.0,1.0,1,0
68,0,move_right_jump_speed,-0.15282246,160,0.8165144,40,0.0,1.0,1,0
69,0,move_right_jump,0.7643953,160,0.8165144,40,0.0,1.0,1,0
70,0,move_right,-0.0038684644,160,0.8165144,40,0.0,1.0,1,0
71,0,move_right,-0.0038684644,160,0.8165144,40,0.0,1.0,1,0
72,0,move_right,-0.0038684644,160,0.8165144,40,0.0,1.0,1,0
73,0,move_right_speed,1.8883634,160,0.8165144,40,0.0,1.0,1,0
74,0,move_right_jump_speed,-0.15282246,160,0.8165144,40,0.0,1.0,1,0
75,0,move_right,3.4394522,190,2.605154,40,0.0,0.9999990000003749,35,4
76,0,move_right_jump,4.209263,196,0.54220057,40,0.0,0.9999910000393736,67,36
77,0,move_right,2.9426715,187,0.79496384,40,0.0,0.9999827501466217,100,69
78,0,move_right,3.5486054,126,0.24899101,40,0.0,0.9999582508662946,198,167
79,0,move_right_jump_speed,4.4260015,192,0.4308598,40,0.0,0.9999507512065985,228,197
80,0,move_right,5.5236087,192,0.89938784,40,0.0,0.9999432516031493,258,227
80,100,move_right_speed,1.2264001,206,0.8239739,594,534.0,0.9999182533312106,358,327
81,0,move_right_speed,2.8250575,102,0.013461113,40,0.0,0.9999075042664184,401,370
81,100,move_right,-0.40220731,206,0.17094636,594,534.0,0.9998825068881518,501,470
81,200,move_right_speed,-1.2224451,206,0.06247005,594,514.0,0.999857510134812,601,570
81,300,move_right_speed,-0.06530897,78,0.35489315,722,622.0,0.9998325140063836,701,670
81,400,move_right_speed,0.13545609,78,0.16621786,722,602.0,0.9998075185028504,801,770
81,500,move_right_speed,0.53309727,78,0.27669013,722,582.0,0.9997825236241974,901,870
81,600,move_right_speed,-0.33109963,78,0.07467276,722,562.0,0.9997575293704084,1001,970
81,700,move_right_speed,0.27966404,78,0.08500081,722,542.0,0.9997325357414683,1101,1070
81,800,move_right_speed,-0.22798866,78,0.42571056,722,522.0,0.9997075427373611,1201,1170
81,900,move_right,0.16725962,78,0.0708175,722,502.0,0.9996825503580712,1301,1270
81,1000,move_right,5.5070333,18,0.7309389,794,554.0,0.999657558603583,1401,1370
82,0,move_right_speed,1.7270973,302,1.0756819,40,0.0,0.9996385652880297,1477,1446
83,0,move_right,2.3685093,189,0.8694395,40,0.0,0.9996310680259667,1507,1476
84,0,move_right,0.5409554,193,0.08158505,40,0.0,0.9996223212912939,1542,1511
85,0,move_right_speed,1.5183002,198,0.29308558,40,0.0,0.9996140744401296,1575,1544
86,0,move_right,1.9015706,190,0.22270393,40,0.0,0.9996068272634541,1604,1573
86,100,move_right_speed,-0.1719979,206,0.09152061,595,535.0,0.9995818374020197,1704,1673
86,200,move_right,-0.4734713,206,0.44625923,594,514.0,0.9995568481653242,1804,1773
87,0,move_right_jump,1.1889158,108,0.14295447,40,0.0,0.9995496014035378,1833,1802
88,0,move_right_speed,0.36462885,199,0.08403289,40,0.0,0.9995416050377114,1865,1834
88,100,move_right_speed,6.674087,117,1.8552213,695,635.0,0.9995166168068127,1965,1934
88,200,noop,0.16630718,302,0.5352848,898,818.0,0.9994916292006123,2065,2034
89,0,move_right_speed,0.26697278,302,0.35813308,40,0.0,0.9994741382479589,2135,2104
90,0,move_right_jump,1.6173179,195,0.74796915,40,0.0,0.9994658926192997,2168,2137
90,100,move_right_speed,3.6121695,78,0.7421162,722,662.0,0.9994409062811879,2268,2237
90,200,move_right_speed,0.6143456,78,0.066827774,722,642.0,0.9994159205677268,2368,2337
90,300,move_right,0.26816794,78,0.011677295,722,622.0,0.9993909354789009,2468,2437
90,400,move_right_jump,0.37546465,78,0.47409755,722,602.0,0.9993659510146946,2568,2537
90,500,move_right,0.21690848,78,0.017908007,722,582.0,0.999340967175092,2668,2637
0,0,move_right_speed,2.5122383,160,0.9553019,40,0.0,1.0,0,0
1,0,move_right_speed,10.42798,87,1.1202269,40,0.0,0.9999867500861227,84,53
1,100,move_right,4.5871997,206,0.29223537,594,534.0,0.9999617507267354,184,153
1,200,move_right_speed,13.1107645,302,0.25073624,898,818.0,0.9999367519923243,284,253
1,300,move_right,2.942852,302,0.50043297,898,798.0,0.9999117538828739,384,353
1,400,move_right_speed,2.691266,302,0.1193316,898,778.0,0.9998867563983681,484,453
1,500,move_right_speed,4.203798,302,0.5390191,898,758.0,0.9998617595387919,584,553
1,600,move_right_jump,2.8135378,302,0.26764798,898,738.0,0.9998367633041296,684,653
1,700,move_right_speed,2.8999503,302,0.32670474,898,718.0,0.9998117676943654,784,753
1,800,move_right_speed,2.846663,302,0.44626117,898,698.0,0.9997867727094839,884,853
2,0,move_right,7.779317,74,0.021362305,40,0.0,0.9997630280526294,979,948
2,100,move_right,3.4862144,206,1.9604387,594,534.0,0.9997380342862239,1079,1048
2,200,move_right_speed,3.5065937,206,0.96892357,594,514.0,0.9997130411446549,1179,1148
3,0,move_right_jump_speed,8.584692,107,0.2297039,40,0.0,0.99970804259132,1199,1168
3,100,move_right_jump_speed,3.2341948,204,0.38642192,600,540.0,0.9996830501995339,1299,1268
3,200,noop,3.6951156,78,0.9754751,722,642.0,0.9996580584325497,1399,1368
3,300,move_right_jump_speed,3.1341662,78,1.0010366,722,622.0,0.9996330672903523,1499,1468
3,400,move_right,3.336471,78,0.22543621,722,602.0,0.9996080767729254,1599,1568
3,500,move_right_speed,2.7708201,78,0.20386744,722,582.0,0.9995830868802537,1699,1668
3,600,move_right,3.5550134,78,0.26555562,722,562.0,0.9995580976123216,1799,1768
3,700,move_right,2.900878,78,0.5992451,722,542.0,0.9995331089691137,1899,1868
3,800,move_right_jump_speed,2.8197958,78,0.19876933,722,522.0,0.999508120950614,1999,1968
3,900,move_right,3.5624762,78,0.42061043,722,502.0,0.9994831335568076,2099,2068
3,1000,move_right_speed,3.3439212,78,0.016126633,722,482.0,0.9994581467876777,2199,2168
3,1100,move_right_jump_speed,3.0417104,78,0.058899403,722,462.0,0.9994331606432092,2299,2268
3,1200,move_right_speed,2.699608,78,0.024729729,722,442.0,0.9994081751233868,2399,2368
3,1300,move_right_jump_speed,3.339684,78,0.062126398,722,422.0,0.9993831902281946,2499,2468
3,1400,move_right,3.224751,78,0.4959283,722,402.0,0.9993582059576172,2599,2568
3,1500,move_right,3.472904,78,0.04885435,722,382.0,0.9993332223116387,2699,2668
3,1600,move_right,3.2212584,78,0.098293066,722,362.0,0.9993082392902434,2799,2768
3,1700,move_right_jump_speed,2.6500916,78,0.024021626,722,342.0,0.999283256893416,2899,2868
3,1800,move_right_jump_speed,2.6550026,78,0.24153328,722,322.0,0.999258275121141,2999,2968
3,1900,move_right_speed,3.4058433,78,0.046005726,722,302.0,0.9992332939734023,3099,3068
3,2000,noop,3.1655557,78,0.0064091682,722,282.0,0.9992083134501849,3199,3168
4,0,noop,6.250688,78,1.2092404,40,0.0,0.9992070644404175,3204,3173
5,0,noop,5.4290867,197,0.9906454,40,0.0,0.9991975720172068,3242,3211
5,100,move_right,3.3647883,206,0.4382217,594,534.0,0.9991725923870274,3342,3311
5,200,move_right_jump_speed,2.5971954,78,0.0950346,722,642.0,0.9991476133813307,3442,3411
5,300,move_right,3.3984902,78,0.3583703,722,622.0,0.9991226350001015,3542,3511
5,400,move_right,3.4531736,78,0.02847004,722,602.0,0.9990976572433239,3642,3611
5,500,move_right_speed,3.463955,78,0.047080994,722,582.0,0.9990726801109826,3742,3711
5,600,move_right_speed,3.1996577,78,0.09194732,722,562.0,0.9990477036030619,3842,3811
5,700,move_right,2.6560152,78,0.09538317,722,542.0,0.9990227277195464,3942,3911
0,0,move_right_speed,-0.6034909,160,0.40572512,40,0.0,1.0,0,0
0,100,move_right_jump,9.093558,206,2.8638706,594,534.0,0.9999827501466217,100,69
0,200,move_right_jump_speed,1.0192612,78,0.03240502,722,642.0,0.9999577508872317,200,169
0,300,move_right_speed,2.1808496,78,0.054897785,722,622.0,0.9999327522528155,300,269
0,0,move_right_jump_speed,-1.9982955,160,3.453584,40,0.0,1.0,0,0
1,0,move_right_speed,3.2374127,192,3.453584,40,0.0,1.0,34,0
1,100,move_right,6.09181,206,2.9506614,594,534.0,1.0,134,0
1,200,move_right,6.488505,78,3.4083822,722,642.0,1.0,234,0
1,300,move_right_jump,-5.822575,78,3.382036,722,622.0,1.0,334,0
1,400,move_right,6.494954,78,3.3936374,722,602.0,1.0,434,0
1,500,move_right,-0.08541317,78,0.53976834,722,582.0,0.8911090557802088,534,23
1,600,move_right,1.0323755,78,0.19052315,722,562.0,0.5398075216808175,634,123
1,700,move_right_jump,1.5329231,78,0.044339776,722,542.0,0.326999438029567,734,223
0,0,move_right,1.9745606,160,1.5910596,40,0.0,1.0,0,0
1,0,move_right_speed,5.8076267,109,1.1005998,40,0.0,0.9999840001259972,95,64
2,0,move_right_jump_speed,9.314944,198,0.6363611,40,0.0,0.999976250279057,126,95
3,0,move_right,6.515316,198,2.8110414,40,0.0,0.9999682505000529,158,127
3,100,move_right_speed,6.331007,206,1.0150847,594,534.0,0.9999432516031493,258,227
3,200,move_right_speed,0.6497062,206,0.5511378,594,514.0,0.9999182533312106,358,327
3,300,move_right_speed,3.6160371,78,0.7675638,722,622.0,0.9998932556842208,458,427
3,400,move_right_speed,0.6734482,78,0.038627625,722,602.0,0.9998682586621644,558,527
3,500,move_right,0.9749672,78,0.28059518,722,582.0,0.999843262265026,658,627
3,600,move_right,1.4438736,78,0.2828393,722,562.0,0.9998182664927898,758,727
3,700,move_right_speed,0.9184607,78,0.07085675,722,542.0,0.9997932713454402,858,827
3,800,move_right_jump_speed,0.82224244,78,0.34256554,722,522.0,0.9997682768229615,958,927
3,900,move_right_speed,0.94662726,78,0.04340464,722,502.0,0.9997432829253383,1058,1027
3,1000,move_right,0.69990754,78,0.045422792,722,482.0,0.999718289652555,1158,1127
3,1100,move_right_speed,0.71257734,78,0.14963597,722,462.0,0.9996932970045954,1258,1227
3,1200,move_right_speed,0.9928655,78,0.13983226,722,442.0,0.9996683049814444,1358,1327
3,1300,move_right,0.570395,78,0.007352948,722,422.0,0.9996433135830863,1458,1427
3,1400,move_right_speed,0.6343938,78,0.08716971,722,402.0,0.9996183228095054,1558,1527
3,1500,move_right_speed,1.0891792,78,0.08210683,722,382.0,0.999593332660686,1658,1627
3,1600,move_right,0.37443691,78,0.01549983,722,362.0,0.9995683431366125,1758,1727
0,0,move_right_speed,-2.8711715,160,2.0699573,40,0.0,1.0,0,0
1,0,move_right,0.2550133,160,2.0699573,40,0.0,1.0,1,0
2,0,move_right_speed,-2.8711715,160,2.0699573,40,0.0,1.0,2,0
3,0,move_right_speed,-2.8711715,160,2.0699573,40,0.0,1.0,3,0
4,0,move_right_jump,1.2942226,160,2.0699573,40,0.0,1.0,4,0
5,0,move_right_jump_speed,3.3641798,160,2.0699573,40,0.0,1.0,5,0
6,0,move_right,0.2550133,160,2.0699573,40,0.0,1.0,6,0
7,0,noop,-0.4196034,160,2.0699573,40,0.0,1.0,7,0
8,0,move_right,0.2550133,160,2.0699573,40,0.0,1.0,8,0
9,0,move_right_speed,-2.8711715,160,2.0699573,40,0.0,1.0,9,0
10,0,move_right_jump,1.2942226,160,2.0699573,40,0.0,1.0,10,0
11,0,noop,-0.4196034,160,2.0699573,40,0.0,1.0,11,0
12,0,move_right,0.2550133,160,2.0699573,40,0.0,1.0,12,0
13,0,move_right,0.2550133,160,2.0699573,40,0.0,1.0,13,0
14,0,move_right_speed,-2.8711715,160,2.0699573,40,0.0,1.0,14,0
15,0,move_right,0.2550133,160,2.0699573,40,0.0,1.0,15,0
16,0,move_right_jump_speed,3.3641798,160,2.0699573,40,0.0,1.0,16,0
17,0,move_right_jump_speed,3.3641798,160,2.0699573,40,0.0,1.0,17,0
18,0,move_right_jump_speed,3.3641798,160,2.0699573,40,0.0,1.0,18,0
19,0,move_right_speed,-2.8711715,160,2.0699573,40,0.0,1.0,19,0
20,0,move_right,0.2550133,160,2.0699573,40,0.0,1.0,20,0
21,0,noop,-0.4196034,160,2.0699573,40,0.0,1.0,21,0
22,0,noop,-0.4196034,160,2.0699573,40,0.0,1.0,22,0
23,0,move_right_speed,-2.8711715,160,2.0699573,40,0.0,1.0,23,0
0,0,move_right_speed,0.14770365,160,1.8061254,40,0.0,1.0,0,0
0,100,move_right_speed,4.2777576,206,0.29184055,594,534.0,0.9999827501466217,100,69
0,200,move_right_jump_speed,1.9625609,78,0.55414724,722,642.0,0.9999577508872317,200,169
0,300,move_right,1.7211285,78,0.0388124,722,622.0,0.9999327522528155,300,269
0,400,move_right_speed,1.8602756,78,0.17369092,722,602.0,0.999907754243357,400,369
0,500,move_right,1.9511982,78,5.722046e-05,722,582.0,0.9998827568588411,500,469
0,600,move_right_speed,1.3619659,78,0.28114104,722,562.0,0.9998577600992521,600,569
0,700,move_right,1.5337029,78,0.046827912,722,542.0,0.9998327639645747,700,669
0,800,move_right,1.9448665,78,0.061798453,722,522.0,0.9998077684547926,800,769
0,900,move_right_speed,1.8444251,78,0.017324328,722,502.0,0.9997827735698909,900,869
0,1000,move_right_speed,1.7174085,78,0.062856436,722,482.0,0.9997577793098532,1000,969
0,1100,move_right,1.8687465,78,0.1158123,722,462.0,0.9997327856746647,1100,1069
0,1200,move_right,1.4035407,78,0.029287219,722,442.0,0.9997077926643093,1200,1169
0,1300,move_right_speed,2.5524616,78,0.55657244,722,422.0,0.9996828002787713,1300,1269
0,1400,move_right_jump_speed,1.5635877,78,0.09613621,722,402.0,0.9996578085180351,1400,1369
0,1500,move_right_jump,2.0278802,78,0.29612923,722,382.0,0.9996328173820854,1500,1469
0,1600,noop,1.7311264,78,0.06481564,722,362.0,0.9996078268709062,1600,1569
0,1700,move_right,1.909321,78,0.2932458,722,342.0,0.9995828369844819,1700,1669
0,1800,move_right_speed,1.801889,78,0.08289361,722,322.0,0.9995578477227972,1800,1769
0,1900,move_right_speed,1.9021114,78,0.032245398,722,302.0,0.9995328590858364,1900,1869
0,2000,move_right_jump,1.9037492,78,0.070684195,722,282.0,0.9995078710735837,2000,1969
1,0,move_right_speed,6.6448045,78,0.51432276,40,0.0,0.9995066216893694,2005,1974
1,100,move_right_jump_speed,4.665497,206,0.14987183,594,534.0,0.999481634333044,2105,2074
2,0,move_right,7.0789485,78,0.9829664,40,0.0,0.9994648931537818,2172,2141
2,100,move_right,3.426819,206,0.49134064,594,534.0,0.9994399068406562,2272,2241
3,0,move_right_speed,6.723374,78,0.87003565,40,0.0,0.9994281634892735,2319,2288
4,0,move_right_jump,7.0186143,118,0.46271706,40,0.0,0.9994129223240873,2380,2349
5,0,move_right_jump,6.5193477,199,0.39097452,40,0.0,0.9994036777961549,2417,2386
5,100,move_right_jump_speed,4.22154,206,0.03057766,594,534.0,0.9993786930133945,2517,2486
5,200,move_right_jump_speed,2.5419328,78,0.0925374,722,642.0,0.9993537088552461,2617,2586
5,300,move_right_jump,1.4230139,78,0.12582946,722,622.0,0.9993287253216937,2717,2686
5,400,move_right_jump,1.8187106,78,0.0074995756,722,602.0,0.9993037424127218,2817,2786
5,500,move_right_jump,1.7860408,78,0.029770255,722,582.0,0.9992787601283151,2917,2886
5,600,move_right_speed,1.2814254,78,0.082080364,722,562.0,0.9992537784684576,3017,2986
5,700,move_right_speed,1.4413906,78,0.15008008,722,542.0,0.9992287974331341,3117,3086
5,800,move_right_jump_speed,1.6746372,78,0.048775315,722,522.0,0.9992038170223289,3217,3186
5,900,noop,2.0361958,78,0.12398744,722,502.0,0.9991788372360264,3317,3286
5,1000,move_right,1.6936839,78,0.09975159,722,482.0,0.9991538580742104,3417,3386
5,1100,move_right,2.2801204,78,0.19927168,722,462.0,0.9991288795368658,3517,3486
5,1200,move_right_speed,1.7572469,78,0.15021622,722,442.0,0.9991039016239769,3617,3586
5,1300,noop,1.7414914,78,0.16028821,722,422.0,0.999078924335528,3717,3686
5,1400,move_right_speed,1.6375643,78,0.03886795,722,402.0,0.9990539476715036,3817,3786
5,1500,move_right,1.8375694,78,0.028087854,722,382.0,0.9990289716318881,3917,3886
5,1600,move_right,1.7282887,78,0.0728941,722,362.0,0.999003996216666,4017,3986
5,1700,move_right,1.9486681,78,0.012562156,722,342.0,0.9989790214258215,4117,4086
5,1800,move_right_jump_speed,1.816266,78,0.048634052,722,322.0,0.9989540472593388,4217,4186
5,1900,move_right,1.9398845,78,0.026857495,722,302.0,0.9989290737172027,4317,4286
5,2000,noop,8.851815,306,0.9819164,898,458.0,0.9989041007993977,4417,4386
6,0,move_right_speed,4.217953,302,0.5415597,40,0.0,0.9989028521698959,4422,4391
6,100,move_right,1.9145806,206,0.0923295,594,534.0,0.9988778799076213,4522,4491
6,200,move_right_speed,1.5274097,78,0.09368265,722,642.0,0.9988529082696455,4622,4591
6,300,move_right,1.841434,78,0.08537853,722,622.0,0.9988279372559528,4722,4691
6,400,move_right_speed,1.6712832,78,0.08093107,722,602.0,0.9988029668665277,4822,4791
6,500,noop,1.6894633,78,0.11774206,722,582.0,0.9987779971013546,4922,4891
6,600,move_right,1.7243867,78,0.20804048,722,562.0,0.998753027960418,5022,4991
6,700,noop,1.5501243,78,0.17204607,722,542.0,0.9987280594437022,5122,5091
6,800,move_right_jump_speed,1.7696893,78,0.11136711,722,522.0,0.9987030915511917,5222,5191
6,900,move_right,1.8457901,78,0.065342665,722,502.0,0.9986781242828707,5322,5291
6,1000,move_right,1.6985029,78,0.030076385,722,482.0,0.9986531576387238,5422,5391
6,1100,move_right_speed,1.9957086,78,0.012670159,722,462.0,0.9986281916187352,5522,5491
6,1200,move_right_speed,1.4331441,78,0.15808296,722,442.0,0.9986032262228892,5622,5591
6,1300,move_right_jump,2.0331738,78,0.01728344,722,422.0,0.9985782614511705,5722,5691
6,1400,move_right_speed,2.1253688,78,0.11915922,722,402.0,0.9985532973035631,5822,5791
6,1500,noop,1.8882091,78,0.14278924,722,382.0,0.9985283337800519,5922,5891
6,1600,move_right_speed,1.8234944,78,0.098356605,722,362.0,0.9985033708806212,6022,5991
6,1700,move_right,1.4686072,78,0.18356276,722,342.0,0.9984784086052552,6122,6091
6,1800,move_right_speed,2.2348323,78,0.11047053,722,322.0,0.9984534469539382,6222,6191
6,1900,move_right,1.6858807,78,0.06346893,722,302.0,0.9984284859266549,6322,6291
7,0,move_right_speed,3.0577028,377,0.46714544,40,0.0,0.998411263181664,6391,6360
7,100,move_right,2.5578923,206,0.77746296,594,534.0,0.9983863032089618,6491,6460
7,200,move_right_speed,1.6254915,78,0.21203804,722,642.0,0.9983613438602512,6591,6560
8,0,noop,6.1447315,78,0.7175102,40,0.0,0.9983583487803378,6603,6572
8,100,move_right_jump,1.5464773,206,0.3526926,594,534.0,0.9983333901304795,6703,6672
8,200,noop,6.65434,188,0.72071123,619,539.0,0.998308432104578,6803,6772
8,300,move_right_speed,1.9591742,78,0.22380185,722,622.0,0.9982834747026208,6903,6872
8,400,noop,1.9592497,78,0.074234486,722,602.0,0.9982585179245909,7003,6972
8,500,noop,1.741102,78,0.05952096,722,582.0,0.9982335617704732,7103,7072
8,600,move_right_speed,1.6995448,78,0.0035344362,722,562.0,0.9982086062402513,7203,7172
8,700,move_right,5.860243,302,0.22087574,898,718.0,0.9981836513339102,7303,7272
9,0,move_right_speed,2.901089,302,0.5894294,40,0.0,0.99816643281228,7372,7341
9,100,move_right_jump_speed,2.2596788,206,0.48429513,594,534.0,0.9981414789602616,7472,7441
9,200,move_right_speed,1.7352886,206,0.22083855,594,514.0,0.9981165257320815,7572,7541
10,0,move_right,2.6988597,116,2.0511696,40,0.0,0.9981080417766081,7606,7575
11,0,move_right_speed,5.067509,93,0.20804644,40,0.0,0.9980868322034187,7691,7660
12,0,move_right_speed,3.8992348,195,0.34581375,40,0.0,0.9980798456191721,7719,7688
13,0,move_right_jump_speed,5.8853984,96,0.22836542,40,0.0,0.9980596347044051,7800,7769
14,0,noop,4.593334,186,1.7030826,40,0.0,0.9980526483105401,7828,7797
14,100,move_right_jump_speed,1.8687352,206,0.07149005,594,534.0,0.9980276973030988,7928,7897
15,0,noop,5.091262,136,2.2011886,40,0.0,0.9980112299798881,7994,7963
15,100,move_right_jump_speed,4.7584796,78,0.5929227,722,662.0,0.9979862800078922,8094,8063
15,200,move_right_jump,2.270985,78,0.011391163,722,642.0,0.997961330659638,8194,8163
15,300,move_right_jump_speed,2.1080112,78,0.027597189,722,622.0,0.9979363819351096,8294,8263
15,400,move_right_jump_speed,1.9336389,78,0.11410642,722,602.0,0.9979114338342917,8394,8363
15,500,move_right_speed,1.605615,302,0.07692325,898,758.0,0.9978864863571688,8494,8463
15,600,move_right,1.8044984,302,0.19019532,898,738.0,0.9978615395037242,8594,8563
15,700,move_right_jump,1.4190212,302,0.050192714,898,718.0,0.997836593273944,8694,8663
15,800,move_right_speed,1.9278383,302,0.024765134,898,698.0,0.9978116476678118,8794,8763
15,900,move_right,1.6886424,302,0.01030004,898,678.0,0.9977867026853121,8894,8863
15,1000,move_right,1.8341448,302,0.03558564,898,658.0,0.9977617583264293,8994,8963
15,1100,move_right,1.7444882,302,0.16019559,898,638.0,0.9977368145911478,9094,9063
15,1200,move_right_jump_speed,1.6315382,302,0.08345008,898,618.0,0.9977118714794513,9194,9163
15,1300,move_right,1.6743573,302,0.049910188,898,598.0,0.9976869289913254,9294,9263
15,1400,move_right_jump_speed,1.6831993,302,0.23450494,898,578.0,0.9976619871267541,9394,9363
15,1500,move_right_speed,1.4236284,302,0.08051765,898,558.0,0.9976370458857214,9494,9463
15,1600,move_right,1.6529253,302,0.057727575,898,538.0,0.9976121052682122,9594,9563
15,1700,move_right,1.6569141,302,0.06700206,898,518.0,0.9975871652742108,9694,9663
15,1800,move_right,1.5155917,302,0.026259184,898,498.0,0.9975622259037016,9794,9763
15,1900,move_right,2.1959662,302,0.04043007,898,478.0,0.997537287156669,9894,9863
15,2000,move_right_speed,2.0841305,302,0.06563401,898,458.0,0.9975123490330972,9994,9963
16,0,move_right_jump,2.0054374,302,1.4306893,40,0.0,0.9975111021432842,9999,9968
16,100,noop,14.778231,169,0.09288025,638,578.0,0.9974861646743294,10099,10068
17,0,move_right,6.6000714,302,0.39776707,40,0.0,0.9974682100827101,10171,10140
17,100,move_right,1.349502,78,0.021167874,722,662.0,0.9974432736860438,10271,10240
17,200,move_right_jump_speed,1.4742967,78,0.037688136,722,642.0,0.99741833791278,10371,10340
17,300,move_right,1.3519229,78,0.04172921,722,622.0,0.9973934027629027,10471,10440
17,400,move_right,1.3055581,78,0.010564804,722,602.0,0.9973684682363964,10571,10540
17,500,noop,1.5285684,78,0.11615944,722,582.0,0.9973435343332454,10671,10640
17,600,move_right_jump_speed,1.415568,78,0.023604393,722,562.0,0.9973186010534342,10771,10740
17,700,move_right_speed,1.4761213,78,0.03960824,722,542.0,0.9972936683969473,10871,10840
17,800,move_right,1.4198642,78,0.14612639,722,522.0,0.9972687363637693,10971,10940
17,900,move_right_speed,1.5172466,78,0.045232534,722,502.0,0.9972438049538841,11071,11040
17,1000,noop,1.4285308,78,0.0474025,722,482.0,0.9972188741672763,11171,11140
17,1100,move_right,1.5913707,78,0.12009668,722,462.0,0.9971939440039308,11271,11240
17,1200,move_right,1.3084221,78,0.04434681,722,442.0,0.9971690144638315,11371,11340
17,1300,noop,1.4485048,78,0.017250657,722,422.0,0.9971440855469631,11471,11440
17,1400,move_right_speed,1.5072105,78,0.09913778,722,402.0,0.9971191572533106,11571,11540
18,0,move_right,4.679911,4,0.20911455,40,0.0,0.9971141716693641,11591,11560
19,0,move_right,4.5818787,198,0.17620277,40,0.0,0.9971061947869002,11623,11592
19,100,move_right_speed,7.934834,206,0.2000885,594,534.0,0.9970812674405044,11723,11692
19,200,move_right,2.5482767,206,0.1361382,594,514.0,0.9970563407172843,11823,11792
19,300,move_right,1.8491353,302,0.028853536,898,798.0,0.9970314146172246,11923,11892
19,400,move_right,1.7400588,302,0.026420355,898,778.0,0.9970064891403098,12023,11992
20,0,move_right,6.4576836,302,0.073075294,40,0.0,0.9970007563687615,12046,12015
21,0,move_right,6.4966044,89,0.8767309,40,0.0,0.9969775763677434,12139,12108
22,0,move_right_speed,5.192208,186,0.7472372,40,0.0,0.9969698498204999,12170,12139
22,100,move_right,1.8496702,206,0.06548345,594,534.0,0.9969449258826859,12270,12239
22,200,move_right_jump_speed,1.3139606,78,0.063788414,722,642.0,0.9969200025679626,12370,12339
22,300,noop,1.5049055,78,0.006430626,722,622.0,0.9968950798763146,12470,12439
22,400,move_right_jump,1.7624388,78,0.08540404,722,602.0,0.9968701578077265,12570,12539
22,500,move_right_speed,1.3781885,78,0.043681145,722,582.0,0.9968452363621818,12670,12639
22,600,move_right_speed,1.5592664,78,0.0670619,722,562.0,0.996820315539666,12770,12739
22,700,move_right,1.4562942,78,0.19294631,722,542.0,0.9967953953401628,12870,12839
22,800,move_right_speed,1.4920031,78,0.04753816,722,522.0,0.9967704757636566,12970,12939
22,900,move_right_speed,1.4208404,78,0.045749903,722,502.0,0.9967455568101321,13070,13039
22,1000,noop,1.4159726,78,0.0071150064,722,482.0,0.9967206384795742,13170,13139
22,1100,move_right,1.4804618,78,0.0053937435,722,462.0,0.9966957207719667,13270,13239
22,1200,move_right_jump_speed,1.4928186,78,0.05211544,722,442.0,0.996670803687294,13370,13339
22,1300,move_right_jump_speed,1.4070307,78,0.04365933,722,422.0,0.9966458872255407,13470,13439
22,1400,move_right_speed,1.612608,78,0.12949014,722,402.0,0.9966209713866916,13570,13539
22,1500,move_right_speed,1.4357387,78,0.021149874,722,382.0,0.9965960561707305,13670,13639
22,1600,move_right_jump,1.5340533,78,0.06998813,722,362.0,0.9965711415776422,13770,13739
22,1700,noop,1.6514602,78,0.02237761,722,342.0,0.9965462276074114,13870,13839
22,1800,move_right,1.6542405,78,0.0063074827,722,322.0,0.9965213142600208,13970,13939
22,1900,move_right_speed,1.304392,78,0.0008240938,722,302.0,0.9964964015354577,14070,14039
22,2000,move_right,1.8372098,78,0.02802217,722,282.0,0.9964714894337044,14170,14139
23,0,move_right,5.2349234,78,1.1060886,40,0.0,0.9964702438449651,14175,14144
23,100,move_right_jump_speed,1.6946297,206,0.5303149,594,534.0,0.9964453323971458,14275,14244
24,0,move_right_jump_speed,6.4509764,120,0.76783943,40,0.0,0.9964261510067185,14352,14321
25,0,move_right_jump_speed,6.3029637,185,1.5974593,40,0.0,0.9964189269424067,14381,14350
25,100,move_right_jump,8.363572,206,0.47216034,594,534.0,0.9963940167774945,14481,14450
26,0,move_right_speed,5.62093,78,0.37684155,40,0.0,0.9963848001743127,14518,14487
27,0,move_right,4.8545604,205,0.5866089,40,0.0,0.9963760818443629,14553,14522
27,100,move_right,1.9693263,206,0.25615954,594,534.0,0.9963511727505646,14653,14622
28,0,move_right_jump_speed,3.9771886,78,0.43264985,40,0.0,0.9963402129465718,14697,14666
28,100,move_right_jump,3.4708486,205,0.19079065,597,537.0,0.9963153047494849,14797,14766
28,200,move_right_jump,1.8058014,78,0.11997235,722,642.0,0.9962903971750953,14897,14866
28,300,move_right_jump_speed,1.4592466,78,0.05072236,722,622.0,0.9962654902233873,14997,14966
28,400,move_right_jump,1.6316937,78,0.19287992,722,602.0,0.9962405838943453,15097,15066
28,500,move_right,1.6928381,78,0.18308663,722,582.0,0.9962156781879538,15197,15166
28,600,move_right,2.0218182,78,0.34685516,722,562.0,0.9961907731041975,15297,15266
28,700,move_right_speed,1.5436583,78,0.016057014,722,542.0,0.9961658686430604,15397,15366
28,800,move_right_speed,1.3951864,78,0.047271132,722,522.0,0.9961409648045272,15497,15466
28,900,move_right_jump,1.7705582,78,0.18214178,722,502.0,0.9961160615885822,15597,15566
28,1000,move_right,1.4201436,78,0.094952464,722,482.0,0.9960911589952098,15697,15666
28,1100,move_right_speed,1.3150092,78,0.033296466,722,462.0,0.9960662570243944,15797,15766
28,1200,move_right,1.4982364,78,0.007616639,722,442.0,0.9960413556761207,15897,15866
28,1300,move_right_speed,1.4972029,78,0.05913019,722,422.0,0.9960164549503732,15997,15966
28,1400,move_right_speed,1.3446488,78,0.0016621351,722,402.0,0.9959915548471359,16097,16066
28,1500,move_right,1.4333282,78,0.07714212,722,382.0,0.9959666553663936,16197,16166
28,1600,move_right_speed,1.3759689,78,0.0812881,722,362.0,0.9959417565081309,16297,16266
28,1700,move_right_jump,1.3466499,78,0.1398449,722,342.0,0.9959168582723319,16397,16366
28,1800,move_right_speed,1.4507391,78,0.015165806,722,322.0,0.9958919606589808,16497,16466
28,1900,move_right_jump_speed,1.4693109,78,0.17144072,722,302.0,0.9958670636680623,16597,16566
28,2000,move_right,1.4377136,78,0.020678282,722,282.0,0.9958421672995609,16697,16666
29,0,move_right_jump_speed,4.577566,78,0.45720053,40,0.0,0.995840922497474,16702,16671
30,0,move_right_jump,4.851447,195,0.36157656,40,0.0,0.995832706842725,16735,16704
30,100,move_right_speed,2.0804863,206,0.0046072006,594,534.0,0.9958078113331337,16835,16804
31,0,move_right_speed,4.625439,111,0.5428405,40,0.0,0.9957958617096001,16883,16852
31,100,move_right,1.4659841,206,0.00058722496,594,534.0,0.9957709671211257,16983,16952
31,200,move_right,1.6362352,206,0.2242496,594,514.0,0.9957460731550083,17083,17052
31,300,move_right,1.7598696,78,0.02758336,722,622.0,0.9957211798112323,17183,17152
32,0,move_right_speed,3.9057624,78,1.1357236,40,0.0,0.9957109737201685,17224,17193
32,100,move_right_jump_speed,4.1537843,206,0.06679821,594,534.0,0.9956860812538676,17324,17293
32,200,move_right_speed,2.1073275,78,0.3714919,722,642.0,0.9956611894098706,17424,17393
32,300,move_right_jump_speed,2.6786447,78,0.62092924,722,622.0,0.9956362981881628,17524,17493
32,400,noop,5.0637326,302,0.07064915,898,778.0,0.995611407588727,17624,17593
33,0,move_right_speed,4.4220695,302,0.65016556,40,0.0,0.9955907488637693,17707,17676
33,100,move_right_jump_speed,1.4964415,206,0.55422974,594,534.0,0.9955658594030525,17807,17776
33,200,move_right_speed,1.1490501,78,0.0068655014,722,642.0,0.9955409705645647,17907,17876
34,0,move_right,5.4494047,78,0.025300503,40,0.0,0.9955379839457592,17919,17888
34,100,move_right,2.869388,206,0.1634674,594,534.0,0.9955130958041493,18019,17988
35,0,move_right,5.4609957,92,1.704927,40,0.0,0.9954999053413661,18072,18041
35,100,move_right,12.6064825,147,0.9416437,660,600.0,0.9954750181517094,18172,18141
36,0,move_right_speed,2.7970304,136,0.089529514,40,0.0,0.9954745204142624,18174,18143
37,0,move_right_speed,4.653088,188,0.35046053,40,0.0,0.9954670543824229,18204,18173
37,100,move_right,1.8037411,206,0.18126178,594,534.0,0.9954421680140298,18304,18273
37,200,move_right,1.4551889,78,0.26949966,722,642.0,0.9954172822677885,18404,18373
37,300,move_right_speed,1.6192938,78,0.030206323,722,622.0,0.9953923971436831,18504,18473
37,400,noop,1.9125462,78,0.023826718,722,602.0,0.9953675126416979,18604,18573
37,500,move_right,1.6475273,78,0.015859246,722,582.0,0.9953426287618171,18704,18673
37,600,move_right_speed,1.6428835,78,0.04660225,722,562.0,0.9953177455040262,18804,18773
37,700,noop,1.420495,302,0.08811033,898,718.0,0.9952928628683089,18904,18873
38,0,move_right,4.8390903,302,0.016546726,40,0.0,0.9952824123468064,18946,18915
38,100,noop,2.3991365,206,0.4134897,594,534.0,0.9952575305944074,19046,19015
38,200,move_right_speed,1.974112,206,0.065015316,594,514.0,0.9952326494640444,19146,19115
38,300,move_right_speed,5.7043185,196,1.0185819,609,509.0,0.9952077689557017,19246,19215
38,400,move_right_speed,1.8765327,78,0.09598708,722,602.0,0.9951828890693637,19346,19315
38,500,noop,1.38354,78,0.12000644,722,582.0,0.9951580098050156,19446,19415
38,600,move_right_speed,1.3338383,78,0.017185688,722,562.0,0.9951331311626417,19546,19515
38,700,move_right,1.3988446,78,0.25434363,722,542.0,0.995108253142226,19646,19615
38,800,move_right_jump,1.0489886,78,0.16068518,722,522.0,0.9950833757437528,19746,19715
38,900,move_right_speed,1.2749008,78,0.2564808,722,502.0,0.9950584989672072,19846,19815
38,1000,move_right,1.7570521,78,0.18172014,722,482.0,0.9950336228125732,19946,19915
38,1100,move_right_jump,1.5578383,78,0.13776112,722,462.0,0.9950087472798356,20046,20015
38,1200,noop,0.79061043,78,0.10641515,722,442.0,0.9949838723689785,20146,20115
38,1300,move_right_jump_speed,1.4481764,78,0.038511276,722,422.0,0.9949589980799866,20246,20215
38,1400,move_right_speed,1.2357692,78,0.09780443,722,402.0,0.9949341244128441,20346,20315
38,1500,move_right_jump_speed,1.323332,78,0.11782801,722,382.0,0.9949092513675355,20446,20415
38,1600,move_right_jump_speed,1.6098804,78,0.04718423,722,362.0,0.9948843789440451,20546,20515
38,1700,noop,0.7427917,78,0.05707848,722,342.0,0.9948595071423582,20646,20615
38,1800,move_right_speed,1.2158178,78,0.040112615,722,322.0,0.9948346359624581,20746,20715
38,1900,move_right,1.0837293,78,0.02253139,722,302.0,0.99480976540433,20846,20815
38,2000,move_right_speed,1.4187053,78,0.11097705,722,282.0,0.9947848954679578,20946,20915
39,0,noop,5.2403903,78,0.20440626,40,0.0,0.9947836519874598,20951,20920
40,0,move_right_jump_speed,7.8756113,194,0.51348495,40,0.0,0.9947746989737611,20987,20956
40,100,move_right_speed,3.6606967,206,0.27830887,594,534.0,0.9947498299140385,21087,21056
40,200,move_right_speed,1.0381024,78,0.049384594,722,642.0,0.9947249614760358,21187,21156
40,300,move_right,1.1588686,78,0.0066987276,722,622.0,0.9947000936597361,21287,21256
40,400,move_right,1.0715618,78,0.066951394,722,602.0,0.994675226465124,21387,21356
40,500,move_right_jump_speed,1.1673918,78,0.01827991,722,582.0,0.9946503598921842,21487,21456
40,600,move_right_jump_speed,1.2533877,302,0.17463744,898,738.0,0.9946254939409007,21587,21556
40,700,move_right_jump,1.0708431,302,0.0333364,898,718.0,0.9946006286112586,21687,21656
40,800,move_right,1.3650112,302,0.057460666,898,698.0,0.9945757639032416,21787,21756
40,900,noop,1.4441979,302,0.017780185,898,678.0,0.9945508998168349,21887,21856
40,1000,move_right_jump,1.5437536,302,0.012457132,898,658.0,0.9945260363520226,21987,21956
40,1100,move_right,1.1873889,302,0.13006425,898,638.0,0.9945011735087891,22087,22056
40,1200,move_right,1.5067823,302,0.066226125,898,618.0,0.994476311287119,22187,22156
40,1300,move_right_speed,1.1760877,302,0.25258827,898,598.0,0.9944514496869971,22287,22256
40,1400,move_right,1.2999794,302,0.027669191,898,578.0,0.9944265887084074,22387,22356
40,1500,move_right_speed,1.0782816,302,0.061354637,898,558.0,0.9944017283513342,22487,22456
40,1600,move_right_jump,1.323449,302,0.16669822,898,538.0,0.9943768686157625,22587,22556
40,1700,move_right_jump_speed,1.314181,302,0.033186316,898,518.0,0.9943520095016763,22687,22656
40,1800,move_right,1.136612,302,0.0795604,898,498.0,0.9943271510090604,22787,22756
40,1900,move_right_speed,1.1425705,302,0.014441967,898,478.0,0.994302293137899,22887,22856
40,2000,move_right_jump_speed,1.0985248,302,0.005905986,898,458.0,0.9942774358881767,22987,22956
41,0,move_right_jump,8.143392,302,1.0531111,40,0.0,0.9942761930420032,22992,22961
42,0,move_right_jump,8.568702,189,0.22593403,40,0.0,0.9942687359975861,23022,22991
42,100,move_right,20.809017,95,0.40546608,717,657.0,0.9942438795867822,23122,23091
42,200,move_right,1.4094464,78,0.08831608,722,642.0,0.9942190237973807,23222,23191
42,300,move_right_speed,1.3144342,78,3.6478043e-05,722,622.0,0.9941941686293662,23322,23291
43,0,move_right_speed,6.2808146,302,0.7920823,40,0.0,0.9941785101925613,23385,23354
43,100,move_right,2.0963874,206,0.10393596,594,534.0,0.9941536560373737,23485,23454
43,200,move_right_jump,1.3316898,78,0.08879173,722,642.0,0.9941288025035331,23585,23554
43,300,move_right_speed,1.3596083,78,0.07534826,722,622.0,0.9941039495910231,23685,23654
43,400,move_right,1.1553051,78,0.023951173,722,602.0,0.9940790972998282,23785,23754
43,500,move_right_speed,1.4711888,78,0.10119724,722,582.0,0.9940542456299329,23885,23854
43,600,move_right_speed,1.1505245,78,0.04711759,722,562.0,0.9940293945813219,23985,23954
43,700,move_right_jump_speed,1.2355907,78,0.056260824,722,542.0,0.9940045441539793,24085,24054
43,800,move_right_speed,1.5868051,78,0.06673968,722,522.0,0.9939796943478898,24185,24154
43,900,move_right_jump,1.3749982,78,0.12489724,722,502.0,0.9939548451630376,24285,24254
43,1000,move_right,1.3346323,78,0.013005376,722,482.0,0.9939299965994073,24385,24354
43,1100,move_right_speed,1.4070151,78,0.27125013,722,462.0,0.9939051486569835,24485,24454
43,1200,move_right_jump,1.2029946,78,0.04727125,722,442.0,0.9938803013357507,24585,24554
43,1300,move_right_speed,1.4904672,302,0.029067636,898,598.0,0.9938554546356921,24685,24654
44,0,move_right,5.6742034,302,0.5181384,40,0.0,0.9938370684775532,24759,24728
45,0,move_right_jump_speed,9.464766,96,0.69313717,40,0.0,0.9938157012076059,24845,24814
46,0,move_right_jump,7.523828,193,0.13348532,40,0.0,0.9938070053571765,24880,24849
47,0,move_right,4.5997825,188,0.19583797,40,0.0,0.9938000487316168,24908,24877
48,0,move_right,3.5638266,184,0.99296,40,0.0,0.9937920983620334,24940,24909
48,100,move_right_speed,1.9760463,206,0.39835072,594,534.0,0.9937672538670228,25040,25009
48,200,move_right_speed,1.1580989,78,0.032170415,722,642.0,0.993742409993117,25140,25109
48,300,move_right,1.349748,78,0.0042521954,722,622.0,0.9937175667403003,25240,25209
48,400,move_right_speed,1.0279486,78,0.13820636,722,602.0,0.993692724108557,25340,25309
48,500,move_right,1.1792153,78,0.15271938,722,582.0,0.993667882097872,25440,25409
48,600,move_right_jump_speed,1.4060966,78,0.09828186,722,562.0,0.9936430407082297,25540,25509
48,700,move_right,1.1442394,78,0.092051625,722,542.0,0.9936181999396143,25640,25609
48,800,move_right_speed,1.0858221,78,0.041504264,722,522.0,0.9935933597920105,25740,25709
48,900,move_right_speed,1.2329515,78,0.023939013,722,502.0,0.9935685202654032,25840,25809
48,1000,move_right_jump_speed,1.296823,78,0.041127443,722,482.0,0.9935436813597759,25940,25909
48,1100,move_right,1.3037635,78,0.05843246,722,462.0,0.9935188430751135,26040,26009
48,1200,move_right_jump_speed,1.3173748,78,0.01589036,722,442.0,0.9934940054114005,26140,26109
48,1300,move_right,1.2008697,78,0.039911866,722,422.0,0.9934691683686216,26240,26209
48,1400,move_right_speed,1.2160449,78,0.0040061474,722,402.0,0.9934443319467611,26340,26309
48,1500,noop,1.450398,78,5.531311e-05,722,382.0,0.993419496145803,26440,26409
48,1600,move_right,1.2219124,78,0.041799426,722,362.0,0.9933946609657327,26540,26509
48,1700,move_right,1.2301846,78,0.018321395,722,342.0,0.993369826406534,26640,26609
48,1800,move_right_jump,1.1361682,78,0.029779673,722,322.0,0.9933449924681916,26740,26709
48,1900,move_right,1.2367941,78,0.06668377,722,302.0,0.9933201591506903,26840,26809
48,2000,move_right_speed,1.1319952,78,0.06746495,722,282.0,0.993295326454014,26940,26909
49,0,move_right,7.8029733,78,0.7715502,40,0.0,0.9932940848354765,26945,26914
49,100,move_right_jump_speed,2.9083462,206,0.3850155,594,534.0,0.9932692527906503,27045,27014
50,0,move_right,6.6161313,133,0.110839844,40,0.0,0.9932541055481476,27106,27075
51,0,move_right,8.126426,187,1.238759,40,0.0,0.9932474011047236,27133,27102
52,0,move_right,7.365111,200,0.189538,40,0.0,0.9932374686791318,27173,27142
52,100,move_right_speed,2.416319,206,0.1186614,596,536.0,0.9932126380496916,27273,27242
52,200,move_right,1.2286309,78,0.042652726,722,642.0,0.9931878080410096,27373,27342
52,300,move_right,1.3816233,78,0.08785832,722,622.0,0.9931629786530702,27473,27442
52,400,move_right_jump,1.3859721,78,0.11273384,722,602.0,0.9931381498858576,27573,27542
52,500,move_right_speed,1.359539,78,0.05674398,722,582.0,0.9931133217393566,27673,27642
52,600,move_right_jump_speed,1.4884052,78,0.043937206,722,562.0,0.9930884942135515,27773,27742
52,700,move_right,1.4362074,78,0.018609881,722,542.0,0.9930636673084269,27873,27842
52,800,move_right,1.396947,78,0.008798718,722,522.0,0.993038841023967,27973,27942
52,900,move_right,1.3833005,78,0.06271458,722,502.0,0.9930140153601572,28073,28042
52,1000,move_right,1.4016005,78,0.008154511,722,482.0,0.9929891903169815,28173,28142
52,1100,move_right_jump,1.3370374,78,0.053108573,722,462.0,0.992964365894425,28273,28242
52,1200,move_right,1.4159163,78,0.03569424,722,442.0,0.9929395420924696,28373,28342
52,1300,move_right,1.3057674,78,0.07068813,722,422.0,0.9929147189111021,28473,28442
52,1400,move_right_speed,1.2500823,78,0.06678355,722,402.0,0.9928898963503061,28573,28542
52,1500,move_right,1.2310991,78,0.100391984,722,382.0,0.9928650744100667,28673,28642
52,1600,move_right_speed,1.3792186,78,0.04150045,722,362.0,0.9928402530903679,28773,28742
52,1700,move_right_jump_speed,1.4194994,78,0.014979839,722,342.0,0.9928154323911946,28873,28842
52,1800,move_right,1.6282226,78,0.12322128,722,322.0,0.9927906123125313,28973,28942
52,1900,move_right_speed,1.5580285,78,0.024057984,722,302.0,0.9927657928543623,29073,29042
52,2000,noop,1.4470223,78,0.09902477,722,282.0,0.9927409740166718,29173,29142
53,0,move_right_jump_speed,6.889271,78,0.4904704,40,0.0,0.9927397330910745,29178,29147
54,0,move_right_speed,6.965478,200,0.3371668,40,0.0,0.9927310466553261,29213,29182
55,0,move_right_jump_speed,7.425565,203,0.2886405,40,0.0,0.9927231048377263,29245,29214
55,100,move_right_speed,20.821878,185,0.65151024,622,562.0,0.9926982870672232,29345,29314
56,0,move_right_speed,5.130695,78,0.29747105,40,0.0,0.9926868711011353,29391,29360
56,100,move_right,3.1345088,206,0.03581524,594,534.0,0.9926620542364643,29491,29460
57,0,move_right,8.478282,106,0.078962326,40,0.0,0.9926466680919411,29553,29522
58,0,move_right_jump_speed,8.035681,190,1.1827955,40,0.0,0.9926382306300656,29587,29556
59,0,move_right_speed,5.3618045,193,0.4020853,40,0.0,0.9926305377126258,29618,29587
60,0,move_right,6.6501646,189,0.609447,40,0.0,0.9926225966990945,29650,29619
60,100,move_right,1.398498,206,0.05160892,594,534.0,0.9925977814412636,29750,29719
60,200,move_right_speed,1.5426605,78,0.11153948,722,642.0,0.9925729668038066,29850,29819
60,300,move_right_speed,1.3274059,78,0.025541544,722,622.0,0.9925481527867078,29950,29919
60,400,move_right_speed,1.1670935,78,0.08966279,722,602.0,0.9925233393899515,30050,30019
60,500,move_right,0.7220824,78,0.04001808,722,582.0,0.9924985266135229,30150,30119
60,600,move_right,0.85270673,78,0.28710204,722,562.0,0.992473714457406,30250,30219
60,700,move_right,1.2690732,78,0.0034592152,722,542.0,0.992448902921585,30350,30319
60,800,move_right,0.8415137,78,0.019569516,722,522.0,0.9924240920060449,30450,30419
60,900,move_right_speed,0.77105224,78,0.027813435,722,502.0,0.9923992817107701,30550,30519
60,1000,move_right,1.0648499,78,0.05122304,722,482.0,0.9923744720357445,30650,30619
60,1100,move_right_speed,0.9884988,78,0.117488444,722,462.0,0.9923496629809534,30750,30719
60,1200,move_right_jump_speed,1.0509748,78,0.039455414,722,442.0,0.992324854546381,30850,30819
60,1300,move_right_jump,1.0358557,78,0.061329603,722,422.0,0.992300046732012,30950,30919
60,1400,move_right_speed,0.90089166,78,0.06347859,722,402.0,0.9922752395378306,31050,31019
60,1500,move_right_speed,0.9515514,78,0.05978608,722,382.0,0.9922504329638213,31150,31119
60,1600,move_right_speed,0.933026,78,0.05448103,722,362.0,0.9922256270099686,31250,31219
60,1700,move_right,0.7987071,302,0.08408034,898,518.0,0.9922008216762574,31350,31319
61,0,move_right_speed,10.221811,302,0.12134266,40,0.0,0.9921941243424766,31377,31346
62,0,move_right_speed,9.2695265,187,0.28307533,40,0.0,0.9921861868202386,31409,31378
63,0,move_right,7.516772,112,0.83690214,40,0.0,0.99216485504387,31495,31464
64,0,move_right_speed,10.528454,202,0.29097176,40,0.0,0.9921561736382831,31530,31499
64,100,move_right,0.8887009,78,0.00867635,722,662.0,0.9921313700408844,31630,31599
64,200,move_right_speed,0.8312162,78,0.06916314,722,642.0,0.9921065670635681,31730,31699
64,300,noop,0.54326487,78,0.15523326,722,622.0,0.9920817647063168,31830,31799
64,400,move_right_jump_speed,1.017848,78,0.12719417,722,602.0,0.9920569629691186,31930,31899
64,500,move_right,0.780251,78,0.07727778,722,582.0,0.9920321618519561,32030,31999
64,600,move_right_jump_speed,1.33466,78,0.1465683,722,562.0,0.9920073613548137,32130,32099
64,700,move_right,1.5344619,78,0.39249158,722,542.0,0.9919825614776762,32230,32199
64,800,move_right_speed,2.4005182,78,0.303257,722,522.0,0.9919577622205278,32330,32299
64,900,move_right_speed,2.9281635,78,0.3258319,722,502.0,0.991932963583353,32430,32399
64,1000,move_right,2.6326842,78,0.24361134,722,482.0,0.991908165566137,32530,32499
64,1100,move_right,2.1739516,302,0.23648286,898,638.0,0.9918833681688635,32630,32599
64,1200,move_right_speed,2.6394677,302,0.23832774,898,618.0,0.9918585713915173,32730,32699
64,1300,move_right,3.4925857,302,0.26070738,898,598.0,0.9918337752340829,32830,32799
64,1400,move_right_jump_speed,2.7549603,302,0.22214413,898,578.0,0.9918089796965447,32930,32899
64,1500,move_right,4.3672147,302,0.023976326,898,558.0,0.9917841847788867,33030,32999
64,1600,move_right_jump,3.2091165,302,0.0069975853,898,538.0,0.9917593904810944,33130,33099
64,1700,noop,3.173139,302,0.117028,898,518.0,0.991734596803152,33230,33199
64,1800,move_right_jump,3.4763222,302,0.16246891,898,498.0,0.991709803745044,33330,33299
64,1900,noop,4.53728,302,0.29652786,898,478.0,0.9916850113067545,33430,33399
64,2000,noop,3.7064025,302,0.009571791,898,458.0,0.9916602194882683,33530,33499
65,0,move_right_jump_speed,7.6176653,302,0.54510117,40,0.0,0.9916589799136135,33535,33504
65,100,move_right_speed,2.7418025,206,0.78083944,594,534.0,0.9916341887459046,33635,33604
65,200,move_right_speed,0.78614765,78,0.030563176,722,642.0,0.9916093981979666,33735,33704
65,300,move_right_jump_speed,0.85909957,78,0.048249364,722,622.0,0.9915846082697849,33835,33804
65,400,move_right_jump_speed,0.9579738,78,0.05059284,722,602.0,0.9915598189613434,33935,33904
65,500,noop,0.86452276,78,0.07440919,722,582.0,0.9915350302726271,34035,34004
65,600,move_right_jump,0.807498,78,0.04552853,722,562.0,0.9915102422036204,34135,34104
65,700,move_right_jump_speed,0.826243,78,0.006349683,722,542.0,0.9914854547543079,34235,34204
65,800,move_right_speed,0.71690714,78,0.043546796,722,522.0,0.9914606679246739,34335,34304
65,900,noop,0.8536186,78,0.01386869,722,502.0,0.9914358817147031,34435,34404
65,1000,move_right_jump,0.84705055,78,0.040493608,722,482.0,0.9914110961243797,34535,34504
65,1100,noop,0.7675512,78,0.002532363,722,462.0,0.9913863111536886,34635,34604
65,1200,move_right_jump_speed,0.80464953,78,0.011212707,722,442.0,0.9913615268026138,34735,34704
65,1300,move_right,0.85231775,78,0.024639606,722,422.0,0.9913367430711403,34835,34804
65,1400,move_right,0.75761706,78,0.07656264,722,402.0,0.9913119599592523,34935,34904
65,1500,move_right_jump_speed,0.80938673,78,0.0033708215,722,382.0,0.9912871774669344,35035,35004
65,1600,move_right,0.860409,78,0.05471295,722,362.0,0.9912623955941713,35135,35104
65,1700,move_right_jump,0.95353264,78,0.08066833,722,342.0,0.9912376143409469,35235,35204
65,1800,noop,0.9404005,78,0.0025197268,722,322.0,0.9912128337072456,35335,35304
65,1900,move_right,1.0705321,78,0.0067009926,722,302.0,0.9911880536930494,35435,35404
65,2000,move_right_speed,0.9780629,78,0.015339136,722,282.0,0.9911632742983504,35535,35504
66,0,move_right,9.421114,78,0.39283276,40,0.0,0.9911620353448767,35540,35509
66,100,move_right,1.6093222,206,0.3345952,594,534.0,0.9911372566006278,35640,35609
67,0,move_right_speed,8.026172,78,0.5330639,40,0.0,0.9911236285553373,35695,35664
68,0,move_right_jump_speed,10.692725,201,0.46894073,40,0.0,0.9911152040392445,35729,35698
69,0,move_right,8.913991,190,0.06986141,40,0.0,0.9911067795947599,35763,35732
70,0,move_right_jump,7.609014,190,0.21598244,40,0.0,0.9910993463208576,35793,35762
70,100,move_right_jump_speed,32.729286,183,4.4802322,624,564.0,0.9910745691438149,35893,35862
71,0,move_right,8.58805,120,0.2789812,40,0.0,0.9910728347646193,35900,35869
72,0,move_right_jump_speed,11.219479,185,0.6693592,40,0.0,0.9910654017453022,35930,35899
72,100,move_right,3.9029453,206,0.10030961,594,534.0,0.9910406254168633,36030,35999
72,200,move_right_speed,0.95781195,78,0.105900526,722,642.0,0.9910158497078251,36130,36099
72,300,move_right_speed,1.064974,78,0.015669227,722,622.0,0.990991074618172,36230,36199
72,400,move_right_speed,0.9664253,78,0.017953753,722,602.0,0.9909663001478886,36330,36299
72,500,noop,0.94700944,78,0.005833745,722,582.0,0.9909415262969593,36430,36399
72,600,move_right_speed,1.0220174,78,0.041509986,722,562.0,0.9909167530653684,36530,36499
72,700,noop,1.0002475,78,0.009643793,722,542.0,0.9908919804531005,36630,36599
72,800,move_right_speed,1.4808494,78,0.20398271,722,522.0,0.9908672084601404,36730,36699
72,900,move_right,0.88493836,78,0.03009355,722,502.0,0.9908424370864728,36830,36799
72,1000,move_right,1.1417189,78,0.02568543,722,482.0,0.9908176663320815,36930,36899
72,1100,move_right,1.0611051,78,0.004287362,722,462.0,0.9907928961969511,37030,36999
72,1200,move_right_jump_speed,0.93101,78,0.024791598,722,442.0,0.9907681266810668,37130,37099
72,1300,move_right,1.2891462,78,0.0017485619,722,422.0,0.9907433577844128,37230,37199
73,0,move_right_speed,8.4986,302,0.09262562,40,0.0,0.9907262676067554,37299,37268
73,100,noop,0.7872257,78,0.06758404,722,662.0,0.9907014997565654,37399,37368
73,200,move_right,0.97748065,78,0.21995425,722,642.0,0.9906767325255639,37499,37468
73,300,move_right_jump,0.8738421,78,0.06276667,722,622.0,0.9906519659137353,37599,37568
73,400,move_right_jump,0.9321681,78,0.10697055,722,602.0,0.9906271999210643,37699,37668
73,500,move_right_speed,0.8809272,78,0.034329772,722,582.0,0.990602434547536,37799,37768
73,600,move_right_speed,0.8677895,78,0.12513703,722,562.0,0.990577669793134,37899,37868
73,700,move_right_jump_speed,0.9149384,78,0.03735614,722,542.0,0.9905529056578433,37999,37968
73,800,move_right_jump_speed,0.9692104,78,0.008674383,722,522.0,0.9905281421416482,38099,38068
73,900,move_right,0.9220382,302,0.05069077,898,678.0,0.9905033792445332,38199,38168
73,1000,move_right,0.87224203,302,0.05207032,898,658.0,0.990478616966483,38299,38268
73,1100,move_right_jump_speed,0.9247998,302,0.00022608042,898,638.0,0.9904538553074821,38399,38368
73,1200,move_right_jump,0.8357724,302,0.17140603,898,618.0,0.9904290942675148,38499,38468
74,0,move_right,8.991262,74,0.39745045,40,0.0,0.9904134951301715,38562,38531
75,0,noop,4.5379343,189,0.31427908,40,0.0,0.9904060670558839,38592,38561
76,0,move_right,9.406502,191,0.404644,40,0.0,0.9903983914376467,38623,38592
76,100,move_right_jump_speed,0.085245475,78,0.55821157,722,662.0,0.9903736317842594,38723,38692
76,200,move_right_speed,0.5985888,78,0.18084222,722,642.0,0.9903488727498555,38823,38792
76,300,move_right_speed,1.3585296,78,0.403342,722,622.0,0.9903241143344199,38923,38892
76,400,move_right,0.9540119,78,0.065832615,722,602.0,0.9902993565379378,39023,38992
76,500,move_right,1.5486007,78,0.14156353,722,582.0,0.9902745993603922,39123,39092
76,600,move_right_jump_speed,1.148649,78,0.06527603,722,562.0,0.9902498428017684,39223,39192
76,700,move_right_speed,1.348206,78,0.0757072,722,542.0,0.990225086862051,39323,39292
76,800,move_right_speed,0.96098554,78,0.01083231,722,522.0,0.9902003315412242,39423,39392
76,900,move_right_speed,0.68037486,78,0.0021306276,722,502.0,0.9901755768392732,39523,39492
76,1000,move_right_jump_speed,0.91760063,78,0.0793553,722,482.0,0.9901508227561818,39623,39592
76,1100,move_right_speed,0.8449569,78,0.04974258,722,462.0,0.9901260692919351,39723,39692
76,1200,move_right_jump,0.7571021,78,0.077009976,722,442.0,0.9901013164465171,39823,39792
76,1300,move_right_speed,0.93098396,78,0.08818549,722,422.0,0.9900765642199126,39923,39892
76,1400,move_right_jump_speed,0.96062195,78,0.05682993,722,402.0,0.990051812612106,40023,39992
76,1500,move_right_jump,0.76533496,78,0.04155141,722,382.0,0.990027061623082,40123,40092
76,1600,move_right_speed,0.836025,78,0.002378583,722,362.0,0.9900023112528243,40223,40192
76,1700,move_right_jump_speed,0.6957877,78,0.062226653,722,342.0,0.9899775615013192,40323,40292
76,1800,move_right,0.75884825,78,0.0016533136,722,322.0,0.9899528123685499,40423,40392
76,1900,noop,0.7566261,78,0.013102531,722,302.0,0.9899280638545013,40523,40492
76,2000,move_right_speed,0.731979,78,0.007855535,722,282.0,0.9899033159591578,40623,40592
77,0,move_right,8.836981,78,0.13017464,40,0.0,0.9899020785806314,40628,40597
78,0,move_right_jump_speed,8.734628,200,0.7950592,40,0.0,0.9898934169742545,40663,40632
79,0,move_right,14.127468,188,0.34673214,40,0.0,0.9898864877437209,40691,40660
80,0,move_right,12.114954,193,0.025688171,40,0.0,0.9898780737432817,40725,40694
80,100,move_right_jump,2.1767554,206,0.052635908,594,534.0,0.9898533270976756,40825,40794
80,200,move_right_jump,0.5590328,78,0.061412573,722,642.0,0.989828581070728,40925,40894
80,300,move_right,0.6337659,78,0.011071205,722,622.0,0.9898038356624234,41025,40994
80,400,move_right_speed,0.58528274,78,0.013838649,722,602.0,0.9897790908727466,41125,41094
80,500,move_right,0.74795073,78,0.04709041,722,582.0,0.9897543467016817,41225,41194
80,600,move_right,0.6072869,78,0.054205835,722,562.0,0.9897296031492134,41325,41294
80,700,noop,0.5001397,78,0.019248724,722,542.0,0.9897048602153266,41425,41394
80,800,move_right_jump_speed,0.68259835,78,0.010782957,722,522.0,0.989680117900005,41525,41494
80,900,move_right_jump_speed,0.77741385,78,0.12867469,722,502.0,0.9896553762032341,41625,41594
80,1000,move_right_speed,1.9750097,78,0.029096246,722,482.0,0.9896306351249977,41725,41694
80,1100,move_right_speed,0.86632276,78,0.16803849,722,462.0,0.9896058946652806,41825,41794
80,1200,move_right,0.79642457,78,0.03557706,722,442.0,0.9895811548240673,41925,41894
80,1300,move_right,1.3676398,78,0.01614225,722,422.0,0.9895564156013424,42025,41994
80,1400,move_right_speed,0.8627488,78,0.109359324,722,402.0,0.9895316769970907,42125,42094
80,1500,move_right,0.8590768,78,0.10240841,722,382.0,0.9895069390112962,42225,42194
80,1600,move_right_speed,0.85651875,78,0.05981165,722,362.0,0.9894822016439435,42325,42294
80,1700,move_right_jump,1.0460701,78,0.07890922,722,342.0,0.9894574648950173,42425,42394
80,1800,move_right,0.9183403,78,0.014118433,722,322.0,0.9894327287645012,42525,42494
81,0,move_right_speed,11.349885,302,0.26257992,40,0.0,0.9894136823654085,42602,42571
82,0,move_right_jump_speed,11.628974,94,2.2943506,40,0.0,0.9893904314141636,42696,42665
83,0,move_right_jump,11.215061,192,0.6217203,40,0.0,0.9893817742846801,42731,42700
84,0,move_right,12.745726,197,0.09109211,40,0.0,0.9893726225444497,42768,42737
84,100,move_right_jump_speed,6.6388736,206,0.8203583,594,534.0,0.9893478885349671,42868,42837
85,0,move_right_jump_speed,12.994282,78,0.8476267,40,0.0,0.9893377477698122,42909,42878
86,0,move_right_speed,13.066572,196,0.43429184,40,0.0,0.9893300804310183,42940,42909
87,0,move_right,10.21809,191,0.32642746,40,0.0,0.9893229078130386,42969,42938
87,100,move_right_speed,10.273529,206,0.8643675,594,534.0,0.9892981750464093,43069,43038
87,200,move_right,0.6558975,78,0.107185125,722,642.0,0.9892734428980913,43169,43138
87,300,move_right,0.4587462,78,0.14732295,722,622.0,0.9892487113680691,43269,43238
87,400,move_right_jump_speed,0.61251134,78,0.06736064,722,602.0,0.9892239804563278,43369,43338
87,500,move_right_jump_speed,0.67598003,78,0.113942504,722,582.0,0.9891992501628517,43469,43438
87,600,move_right,0.77383745,78,0.026706994,722,562.0,0.9891745204876251,43569,43538
87,700,move_right_speed,0.45241457,78,0.0033786893,722,542.0,0.9891497914306329,43669,43638
87,800,move_right_speed,0.914454,78,0.1307283,722,522.0,0.9891250629918595,43769,43738
87,900,noop,0.46935344,78,0.0138760805,722,502.0,0.9891003351712893,43869,43838
87,1000,noop,0.63989717,78,0.062568426,722,482.0,0.9890756079689069,43969,43938
87,1100,noop,0.7513112,78,0.094941795,722,462.0,0.9890508813846971,44069,44038
87,1200,noop,0.6167635,78,0.053114176,722,442.0,0.9890261554186442,44169,44138
87,1300,move_right_jump,1.0274665,78,0.12651396,722,422.0,0.9890014300707329,44269,44238
87,1400,move_right_jump_speed,0.84841996,78,0.021806836,722,402.0,0.9889767053409471,44369,44338
87,1500,move_right,0.7407701,78,0.07144314,722,382.0,0.9889519812292722,44469,44438
87,1600,move_right_jump,0.6656073,78,0.009904921,722,362.0,0.9889272577356926,44569,44538
87,1700,move_right_speed,0.83662915,78,0.054611325,722,342.0,0.9889025348601926,44669,44638
87,1800,noop,0.7524656,78,0.004607618,722,322.0,0.9888778126027569,44769,44738
88,0,move_right_speed,11.525575,360,0.7337427,40,0.0,0.9888612490360434,44836,44805
88,100,move_right_jump_speed,47.281128,193,2.1264038,613,553.0,0.9888365278107407,44936,44905
89,0,move_right,12.444755,127,0.5689478,40,0.0,0.9888340557222021,44946,44915
90,0,move_right_jump_speed,10.606223,202,0.33292198,40,0.0,0.9888249090483455,44983,44952
91,0,move_right_speed,11.39254,201,0.4183216,40,0.0,0.988816256867162,45018,44987
91,100,move_right_speed,1.9360278,206,0.5205586,594,534.0,0.9887915367666497,45118,45087
91,200,move_right,0.74772346,78,0.04207754,722,642.0,0.9887668172841317,45218,45187
91,300,move_right_speed,0.6581769,78,0.023004055,722,622.0,0.9887420984195934,45318,45287
91,400,move_right_jump_speed,0.7767045,78,0.08225471,722,602.0,0.988717380173019,45418,45387
91,500,move_right_speed,0.8127777,78,0.0005373955,722,582.0,0.9886926625443931,45518,45487
91,600,noop,0.62815285,78,0.0076733828,722,562.0,0.9886679455337004,45618,45587
91,700,move_right,0.7907077,78,0.010011613,722,542.0,0.9886432291409251,45718,45687
91,800,move_right,0.80203533,78,0.003982842,722,522.0,0.9886185133660522,45818,45787
91,900,move_right_speed,0.73951113,78,0.020089626,722,502.0,0.9885937982090659,45918,45887
91,1000,move_right_speed,0.8053068,78,0.0781343,722,482.0,0.988569083669951,46018,45987
91,1100,move_right,0.93577206,78,0.012151837,722,462.0,0.9885443697486919,46118,46087
91,1200,move_right_speed,0.8088811,78,0.00283885,722,442.0,0.9885196564452737,46218,46187
91,1300,move_right_jump,0.68185395,78,0.13548267,722,422.0,0.9884949437596798,46318,46287
91,1400,move_right_jump_speed,0.70071834,78,0.0025798678,722,402.0,0.9884702316918956,46418,46387
91,1500,move_right_speed,0.6953877,78,0.0036242008,722,382.0,0.9884455202419052,46518,46487
91,1600,noop,0.80415124,78,0.013917983,722,362.0,0.9884208094096935,46618,46587
91,1700,move_right_speed,36.13008,30,1.1586266,1181,801.0,0.9883960991952451,46718,46687
92,0,noop,6.7952495,inf,0.50817966,40,0.0,0.9883750959986687,46803,46772
93,0,move_right_speed,13.941131,200,0.78742695,40,0.0,0.9883659535701705,46840,46809
94,0,move_right,11.326359,207,0.7721615,40,0.0,0.9883568112262395,46877,46846
95,0,move_right,12.526044,195,0.9018774,40,0.0,0.9883481631408946,46912,46881
95,100,move_right_jump_speed,1.4819796,206,0.097295046,594,534.0,0.9883234547425803,47012,46981
96,0,move_right_speed,12.867353,131,0.8618965,40,0.0,0.9883066533845591,47080,47049
96,100,noop,6.7230415,205,0.2357235,597,537.0,0.988281946023976,47180,47149
96,200,move_right_speed,0.7014914,78,0.011638343,722,642.0,0.9882572392810693,47280,47249
96,300,move_right,0.7903733,78,0.26227868,722,622.0,0.9882325331558236,47380,47349
96,400,move_right,0.6709522,78,0.0017056465,722,602.0,0.9882078276482233,47480,47449
96,500,move_right,0.70408374,78,0.20023704,722,582.0,0.9881831227582528,47580,47549
96,600,noop,0.8190631,78,0.10760075,722,562.0,0.9881584184858968,47680,47649
96,700,move_right_speed,0.65927154,78,0.011362433,722,542.0,0.9881337148311401,47780,47749
96,800,move_right,0.6604956,78,0.053607285,722,522.0,0.9881090117939674,47880,47849
96,900,move_right_speed,0.68688846,78,0.018743515,722,502.0,0.9880843093743629,47980,47949
96,1000,noop,0.77711284,78,0.11391431,722,482.0,0.9880596075723113,48080,48049
96,1100,move_right,0.71369255,78,0.028434634,722,462.0,0.9880349063877968,48180,48149
96,1200,move_right,0.66187596,78,0.04786229,722,442.0,0.9880102058208043,48280,48249
96,1300,move_right,0.729123,78,0.12926269,722,422.0,0.9879855058713184,48380,48349
96,1400,move_right_jump_speed,0.68830025,78,0.038722456,722,402.0,0.9879608065393238,48480,48449
96,1500,move_right,0.66658163,78,0.09359938,722,382.0,0.987936107824805,48580,48549
96,1600,move_right,0.6523646,78,0.018193007,722,362.0,0.9879114097277462,48680,48649
96,1700,move_right_speed,0.6622423,78,0.01031822,722,342.0,0.987886712248132,48780,48749
96,1800,move_right_speed,0.6920467,78,0.015870094,722,322.0,0.987862015385947,48880,48849
96,1900,move_right_speed,0.7335651,78,0.0008968711,722,302.0,0.9878373191411761,48980,48949
96,2000,move_right_speed,0.6601683,78,0.0011197329,722,282.0,0.987812623513804,49080,49049
97,0,move_right,11.823339,78,0.16692352,40,0.0,0.9878113887486416,49085,49054
97,100,move_right_speed,36.013763,147,3.7518616,660,600.0,0.9877866937695211,49185,49154
98,0,noop,11.16808,302,0.49011898,40,0.0,0.987767185172526,49264,49233
98,100,move_right,1.5367656,206,0.2271576,594,534.0,0.9877424912984812,49364,49333
98,200,move_right_speed,2.1231403,206,0.42721462,594,514.0,0.9877177980417757,49464,49433
98,300,move_right,1.9309013,206,0.27997732,594,494.0,0.9876931054023941,49564,49533
99,0,move_right_jump_speed,10.101908,98,0.6025238,40,0.0,0.9876810062344464,49613,49582
100,0,move_right_speed,12.822975,196,0.7410288,40,0.0,0.9876718702262491,49650,49619
101,0,move_right_jump,11.631793,190,0.70002174,40,0.0,0.9876647096302507,49679,49648
102,0,move_right_speed,10.420023,190,0.52886105,40,0.0,0.9876565614289893,49712,49681
103,0,move_right_speed,11.506044,192,0.70160866,40,0.0,0.9876484132949501,49745,49714
104,0,move_right,12.5379,187,0.85632515,40,0.0,0.9876412528690155,49774,49743
105,0,move_right_speed,10.652261,185,0.29419422,40,0.0,0.9876335986780067,49805,49774
106,0,move_right_speed,13.89283,78,0.39353085,40,0.0,0.9876121178781521,49892,49861
106,100,move_right,43.06391,184,0.544899,623,563.0,0.9875874278807417,49992,49961
107,0,move_right_speed,8.492374,113,0.23026752,40,0.0,0.9875849589149491,50002,49971
108,0,move_right,11.326901,195,0.27425957,40,0.0,0.9875770582658917,50034,50003
108,100,move_right_jump_speed,0.9789736,78,0.04011953,722,662.0,0.9875523691449608,50134,50103
108,200,move_right_jump,0.43464464,78,0.06586632,722,642.0,0.9875276806412503,50234,50203
108,300,move_right,0.46864247,78,0.039621472,722,622.0,0.9875029927547447,50334,50303
108,400,noop,0.38348266,78,0.015979499,722,602.0,0.9874783054854288,50434,50403
108,500,move_right_jump,0.46996126,78,0.02043897,722,582.0,0.9874536188332868,50534,50503
108,600,noop,0.4019482,78,0.011198759,722,562.0,0.9874289327983036,50634,50603
108,700,move_right,0.48544383,78,0.039499253,722,542.0,0.9874042473804637,50734,50703
108,800,move_right,0.60235375,78,0.044245005,722,522.0,0.9873795625797515,50834,50803
108,900,move_right_jump_speed,0.3514004,78,0.0015586615,722,502.0,0.9873548783961513,50934,50903
108,1000,move_right_speed,0.47163484,78,0.00017735362,722,482.0,0.9873301948296482,51034,51003
108,1100,move_right_jump_speed,0.4994424,78,0.04050374,722,462.0,0.9873055118802269,51134,51103
108,1200,move_right,0.47785437,78,0.011351705,722,442.0,0.9872808295478714,51234,51203
108,1300,move_right,0.47892505,78,0.0629518,722,422.0,0.9872561478325669,51334,51303
108,1400,move_right,0.9502668,78,0.2262196,722,402.0,0.9872314667342974,51434,51403
108,1500,noop,0.7164899,78,0.02431655,722,382.0,0.987206786253048,51534,51503
108,1600,move_right_speed,0.40591508,78,0.004129201,722,362.0,0.987182106388803,51634,51603
108,1700,move_right_speed,0.45744082,78,0.0030801594,722,342.0,0.9871574271415469,51734,51703
108,1800,move_right,0.4986487,78,0.040040612,722,322.0,0.9871327485112642,51834,51803
108,1900,move_right_speed,0.5038123,78,0.0057985783,722,302.0,0.9871080704979397,51934,51903
108,2000,move_right_speed,0.38873157,78,0.007277727,722,282.0,0.9870833931015578,52034,52003
109,0,move_right,10.331928,78,0.4434595,40,0.0,0.9870821592479332,52039,52008
110,0,move_right_speed,11.139441,184,0.5957117,40,0.0,0.987074756158574,52069,52038
110,100,noop,1.3388882,206,0.35083032,594,534.0,0.9870500795950403,52169,52138
110,200,move_right_speed,0.41537663,78,0.0066485107,722,642.0,0.9870254036484131,52269,52238
110,300,move_right_speed,0.4762618,78,0.0047213435,722,622.0,0.9870007283186769,52369,52338
110,400,move_right,0.6086798,78,0.104899585,722,602.0,0.9869760536058161,52469,52438
110,500,move_right_speed,0.7437628,78,0.15543413,722,582.0,0.9869513795098158,52569,52538
110,600,noop,0.38101774,78,0.0010998547,722,562.0,0.9869267060306599,52669,52638
110,700,move_right_jump_speed,2.0881667,78,0.76637244,722,542.0,0.9869020331683338,52769,52738
110,800,move_right_speed,0.44997814,78,0.001057446,722,522.0,0.9868773609228214,52869,52838
110,900,move_right_speed,0.44132233,78,0.026361704,722,502.0,0.9868526892941076,52969,52938
110,1000,move_right_jump_speed,0.7514872,78,0.29080492,722,482.0,0.9868280182821767,53069,53038
110,1100,move_right_speed,0.3943833,78,0.011162937,722,462.0,0.9868033478870137,53169,53138
110,1200,move_right_speed,0.32512867,78,0.03471005,722,442.0,0.986778678108603,53269,53238
110,1300,move_right,0.5229984,78,0.044285893,722,422.0,0.9867540089469284,53369,53338
110,1400,move_right_speed,0.34541327,78,0.05434537,722,402.0,0.9867293404019759,53469,53438
110,1500,move_right,0.3747896,78,0.045427144,722,382.0,0.9867046724737294,53569,53538
110,1600,move_right_jump,0.3596276,78,0.19705904,722,362.0,0.9866800051621732,53669,53638
110,1700,move_right_speed,0.45799178,78,0.11350918,722,342.0,0.9866553384672925,53769,53738
110,1800,move_right_jump_speed,0.40650403,78,0.011916816,722,322.0,0.9866306723890713,53869,53838
110,1900,move_right_jump_speed,0.48218334,78,0.023084402,722,302.0,0.9866060069274946,53969,53938
110,2000,move_right_jump_speed,0.6044762,78,0.22691953,722,282.0,0.9865813420825464,54069,54038
111,0,move_right_speed,14.681963,78,0.03683853,40,0.0,0.9865801088564853,54074,54043
112,0,move_right_speed,16.662733,186,1.6451025,40,0.0,0.986572462889313,54105,54074
113,0,move_right_jump,12.319891,188,0.17427826,40,0.0,0.9865653102639903,54134,54103
113,100,move_right_jump,2.9403832,206,0.9681878,594,534.0,0.9865406464364462,54234,54203
113,200,move_right,1.8254577,206,0.13273478,594,514.0,0.9865159832254905,54334,54303
113,300,move_right_jump,2.2768338,206,0.1409657,594,494.0,0.9864913206311072,54434,54403
113,400,move_right_speed,0.42136428,78,0.014644265,722,602.0,0.9864666586532815,54534,54503
113,500,move_right_speed,0.5224676,78,0.008959711,722,582.0,0.9864419972919973,54634,54603
113,600,move_right,0.4076352,78,0.05272025,722,562.0,0.9864173365472396,54734,54703
113,700,move_right_speed,0.38404047,78,0.019532472,722,542.0,0.9863926764189928,54834,54803
113,800,move_right,0.40418598,78,0.13458171,722,522.0,0.9863680169072414,54934,54903
113,900,noop,0.41145492,78,0.0077756643,722,502.0,0.9863433580119703,55034,55003
113,1000,move_right_speed,0.47999156,78,0.047641337,722,482.0,0.986318699733164,55134,55103
113,1100,move_right_speed,0.3868646,78,0.014395863,722,462.0,0.9862940420708072,55234,55203
113,1200,move_right_jump,0.29895195,78,0.02423045,722,442.0,0.9862693850248841,55334,55303
113,1300,move_right_speed,29.884243,395,2.3681717,813,513.0,0.9862447285953796,55434,55403
114,0,move_right,14.444484,378,0.3605156,40,0.0,0.9862442354730769,55436,55405
115,0,noop,12.686148,194,0.30385208,40,0.0,0.9862370852273946,55465,55434
115,100,move_right_speed,1.9331219,206,0.0024719238,594,534.0,0.9862124296053754,55565,55534
115,200,move_right,0.5743966,78,0.056646764,722,642.0,0.9861877745997387,55665,55634
115,300,move_right,0.5463904,78,0.0108498335,722,622.0,0.9861631202104695,55765,55734
115,400,move_right,0.6565378,78,0.0019028783,722,602.0,0.9861384664375523,55865,55834
115,500,move_right_speed,0.75335425,78,0.050383925,722,582.0,0.9861138132809719,55965,55934
115,600,move_right,0.5803647,78,0.04608494,722,562.0,0.9860891607407131,56065,56034
115,700,move_right,0.57730556,78,0.03421271,722,542.0,0.9860645088167598,56165,56134
115,800,move_right,0.6070012,78,0.011924505,722,522.0,0.9860398575090973,56265,56234
115,900,move_right,0.6017059,78,0.011382461,722,502.0,0.9860152068177097,56365,56334
115,1000,move_right,0.5667176,78,0.03468871,722,482.0,0.9859905567425818,56465,56434
115,1100,move_right,0.57942295,78,0.019689739,722,462.0,0.9859659072836982,56565,56534
115,1200,move_right,0.4672904,78,0.05158946,722,442.0,0.9859412584410432,56665,56634
115,1300,move_right,0.54415333,78,0.025307536,722,422.0,0.9859166102146015,56765,56734
115,1400,move_right_jump_speed,0.5885101,78,0.088268936,722,402.0,0.9858919626043591,56865,56834
115,1500,move_right_jump_speed,0.5742568,78,0.10295349,722,382.0,0.9858673156102967,56965,56934
115,1600,move_right,0.59924376,78,0.12403619,722,362.0,0.9858426692324036,57065,57034
115,1700,move_right_speed,0.59105986,78,0.1094417,722,342.0,0.9858180234706619,57165,57134
115,1800,move_right_jump_speed,0.6787421,78,0.14000535,722,322.0,0.9857933783250566,57265,57234
115,1900,move_right_speed,0.6394179,78,0.20498931,722,302.0,0.9857687337955725,57365,57334
115,2000,move_right,0.5586176,78,0.09209913,722,282.0,0.9857440898821938,57465,57434
116,0,move_right_jump_speed,13.097622,78,0.059425354,40,0.0,0.9857428577026974,57470,57439
117,0,noop,13.710245,190,0.34759903,40,0.0,0.9857349717903926,57502,57471
118,0,move_right_jump_speed,13.046577,188,0.43974972,40,0.0,0.985727332373008,57533,57502
119,0,move_right,15.400617,201,1.2771254,40,0.0,0.9857184608658283,57569,57538
120,0,move_right,14.28892,110,0.31724834,40,0.0,0.9856957895991121,57661,57630
121,0,move_right,16.306396,193,0.28744125,40,0.0,0.9856881504853883,57692,57661
121,100,move_right_speed,0.4195593,78,0.0042450726,722,662.0,0.9856635085865674,57792,57761
121,200,move_right,0.41617393,78,0.09251046,722,642.0,0.9856388673037865,57892,57861
121,300,move_right,1.6154884,78,0.14971876,722,622.0,0.9856142266370299,57992,57961
121,400,move_right,0.6063987,78,0.027846038,722,602.0,0.9855895865862825,58092,58061
121,500,move_right_jump_speed,0.93907356,78,0.13675869,722,582.0,0.9855649471515284,58192,58161
121,600,move_right,0.64108574,78,0.027582526,722,562.0,0.9855403083327529,58292,58261
121,700,move_right_speed,0.6436559,78,0.017394483,722,542.0,0.9855156701299405,58392,58361
121,800,move_right_speed,0.71349335,78,0.046546996,722,522.0,0.9854910325430751,58492,58461
121,900,move_right,0.6195881,78,0.001408279,722,502.0,0.9854663955721419,58592,58561
121,1000,move_right_speed,0.7703693,78,0.030599356,722,482.0,0.9854417592171253,58692,58661
121,1100,move_right_speed,0.68840295,78,0.046123266,722,462.0,0.9854171234780096,58792,58761
121,1200,move_right,0.6779218,78,0.07897723,722,442.0,0.9853924883547801,58892,58861
121,1300,move_right_jump_speed,0.6445706,78,0.08680129,722,422.0,0.9853678538474212,58992,58961
121,1400,move_right_speed,0.703341,78,0.0013689399,722,402.0,0.9853432199559173,59092,59061
121,1500,move_right,0.61457014,78,0.058467567,722,382.0,0.9853185866802531,59192,59161
121,1600,move_right_jump,0.769239,78,0.0061324835,722,362.0,0.9852939540204132,59292,59261
121,1700,move_right_speed,0.59592044,78,0.0019125938,722,342.0,0.9852693219763822,59392,59361
121,1800,move_right,0.63460374,78,0.053025544,722,322.0,0.9852446905481446,59492,59461
121,1900,move_right_jump_speed,0.74188143,78,0.00617069,722,302.0,0.985220059735685,59592,59561
121,2000,move_right,0.566169,78,0.008354843,722,282.0,0.9851954295389883,59692,59661
122,0,move_right_speed,14.537104,78,1.4756861,40,0.0,0.9851941980453169,59697,59666
123,0,move_right,15.513385,93,1.3176451,40,0.0,0.9851727703018555,59784,59753
123,100,move_right,20.873022,87,1.3867588,720,660.0,0.9851481412873798,59884,59853
123,200,move_right,0.45201325,78,0.061756313,722,642.0,0.9851235128886219,59984,59953
123,300,move_right_jump_speed,0.35180193,78,0.060593277,722,622.0,0.9850988851055665,60084,60053
123,400,move_right_jump_speed,0.2594624,78,0.0044324994,722,602.0,0.9850742579381981,60184,60153
123,500,move_right_jump,0.22937801,78,0.0116402805,722,582.0,0.9850496313865009,60284,60253
123,600,move_right_speed,0.29214248,78,0.013195932,722,562.0,0.9850250054504601,60384,60353
123,700,move_right,0.31173292,78,0.01726994,722,542.0,0.9850003801300604,60484,60453
123,800,move_right,0.7423828,78,0.020886123,722,522.0,0.9849757554252851,60584,60553
123,900,move_right_jump,0.2705006,78,0.085695535,722,502.0,0.9849511313361206,60684,60653
123,1000,noop,0.22759283,78,0.014910996,722,482.0,0.9849265078625505,60784,60753
123,1100,move_right_speed,0.29139298,78,0.011179984,722,462.0,0.9849018850045598,60884,60853
123,1200,move_right_speed,0.2902837,78,0.014044732,722,442.0,0.9848772627621327,60984,60953
123,1300,move_right_speed,0.34993464,78,0.007858396,722,422.0,0.9848526411352543,61084,61053
123,1400,move_right_speed,0.319857,78,0.0072502196,722,402.0,0.9848280201239088,61184,61153
123,1500,move_right_speed,0.32363763,78,0.017141193,722,382.0,0.9848033997280812,61284,61253
123,1600,move_right,0.3212046,78,0.014914304,722,362.0,0.9847787799477556,61384,61353
123,1700,move_right,0.36903095,78,0.015027285,722,342.0,0.9847541607829167,61484,61453
123,1800,move_right,0.38610557,78,0.008594334,722,322.0,0.9847295422335496,61584,61553
123,1900,move_right,0.3732174,78,0.050613463,722,302.0,0.9847049242996386,61684,61653
123,2000,move_right_speed,0.2911822,78,0.014363617,722,282.0,0.9846803069811679,61784,61753
124,0,move_right,15.819446,78,1.073638,40,0.0,0.9846790761313995,61789,61758
125,0,move_right_speed,17.565144,202,0.40141296,40,0.0,0.9846702140584846,61825,61794
125,100,move_right_jump,56.194847,173,0.9320755,636,576.0,0.9846455976077597,61925,61894
125,200,move_right_speed,2.3309891,78,0.16043282,722,642.0,0.9846209817724383,62025,61994
125,300,move_right_jump,2.3668985,78,0.24768782,722,622.0,0.9845963665525053,62125,62094
125,400,move_right_jump_speed,2.7887545,78,0.29241967,722,602.0,0.9845717519479452,62225,62194
126,0,move_right_speed,21.067595,333,0.22816658,40,0.0,0.984554275952261,62296,62265
126,100,move_right_speed,14.599393,206,1.078476,594,534.0,0.984529662399953,62396,62365
126,200,move_right_speed,0.28269827,78,0.012203068,722,642.0,0.9845050494629759,62496,62465
126,300,move_right_speed,0.2839916,78,0.012289554,722,622.0,0.9844804371413145,62596,62565
126,400,move_right_speed,0.47157964,78,0.06203255,722,602.0,0.9844558254349538,62696,62665
126,500,move_right_jump_speed,0.2595341,78,0.010786086,722,582.0,0.984431214343878,62796,62765
126,600,move_right_speed,0.29132855,78,0.008672893,722,562.0,0.9844066038680719,62896,62865
126,700,move_right,0.3055249,78,1.7136335e-05,722,542.0,0.9843819940075202,62996,62965
126,800,move_right_speed,0.29794234,78,0.0042374134,722,522.0,0.9843573847622072,63096,63065
126,900,move_right,0.293715,78,0.014917612,722,502.0,0.9843327761321178,63196,63165
126,1000,move_right_speed,0.27938652,78,0.0119745135,722,482.0,0.9843081681172365,63296,63265
126,1100,move_right_speed,0.45628926,78,0.07101527,722,462.0,0.9842835607175482,63396,63365
126,1200,move_right_jump_speed,0.26195204,78,0.010285258,722,442.0,0.984258953933037,63496,63465
126,1300,move_right,0.29782858,78,0.009059519,722,422.0,0.9842343477636879,63596,63565
126,1400,move_right_jump_speed,0.25335315,78,0.054164648,722,402.0,0.9842097422094853,63696,63665
126,1500,move_right,0.29170215,78,0.014069378,722,382.0,0.9841851372704142,63796,63765
126,1600,move_right_jump_speed,0.26136982,78,0.014093012,722,362.0,0.9841605329464589,63896,63865
126,1700,move_right_speed,0.2761524,78,0.014275789,722,342.0,0.9841359292376036,63996,63965
126,1800,move_right_speed,0.29022327,78,0.016093612,722,322.0,0.9841113261438347,64096,64065
126,1900,move_right,0.30210623,78,0.0070298314,722,302.0,0.9840867236651359,64196,64165
126,2000,move_right,0.19330853,302,0.052284643,898,458.0,0.9840621218014902,64296,64265
127,0,move_right,18.102278,302,0.40632248,40,0.0,0.9840608917244528,64301,64270
128,0,move_right_jump_speed,17.575117,97,0.6492977,40,0.0,0.9840414567113306,64380,64349
129,0,move_right,14.485024,203,0.89521885,40,0.0,0.984032108360727,64418,64387
